,model,price,rating,info1,info2,info3,info4,info5,info6,info7,info8
0,Xiaomi Pad 7 (12GB RAM + 256GB),"₹23,248",75,No Sim Supported,"Wi-Fi, IR Blaster","Snapdragon 7+ Gen3, Octa Core, 2.8 GHz Processor","12 GB RAM, 256 GB inbuilt",8850 mAh Battery with 45W Fast Charging,"11.2 inches, 2136 x 3200 px, 144 Hz Display",13 MP Rear & 8 MP Front Camera,Android v15
1,Samsung Galaxy Tab A9 Plus Tablet (5G+ 8GB RAM + 128GB),"₹17,600",76,"3G, 4G, 5G, Wi-Fi","Snapdragon 695, Octa Core, 2.2 GHz Processor","8 GB RAM, 128 GB inbuilt",7040 mAh Battery with 15W Fast Charging,"11 inches, 1200 x 1920 px, 90 Hz Display",8 MP Rear & 5 MP Front Camera,"Memory Card Supported, upto 1 TB",Android v13
2,Xiaomi Redmi Pad Pro 5G,"₹23,599",,Dual Sim,"3G, 4G, 5G, VoLTE, Wi-Fi","Snapdragon 7s Gen2, Octa Core, 2.4 GHz Processor","8 GB RAM, 128 GB inbuilt",10000 mAh Battery with 33W Fast Charging,"12.1 inches, 1600 x 2560 px, 120 Hz Display",8 MP Rear & 8 MP Front Camera,"Memory Card (Hybrid), upto 1.5 TB"
3,Xiaomi Pad 8,"₹29,999",64,No Sim Supported,"Wi-Fi, IR Blaster",Octa Core Processor,"8 GB RAM, 256 GB inbuilt",9950 mAh Battery with 67W Fast Charging,"12.1 inches, 2136 x 3200 px, 144 Hz Display",50 MP Rear & 12 MP Front Camera,Android v16
4,OnePlus Pad Go Tablet,"₹16,498",79,Single Sim,"3G, 4G, Wi-Fi","Helio G99, Octa Core, 2.2 GHz Processor","8 GB RAM, 128 GB inbuilt",8000 mAh Battery with 33W Fast Charging,"11.35 inches, 1720 x 2408 px, 90 Hz Display",8 MP Rear & 8 MP Front Camera,"Memory Card Supported, upto 1 TB"
5,Xiaomi Redmi Pad 2 (LTE+ 8GB RAM + 256GB),"₹17,999",,Dual Sim,"3G, 4G, Wi-Fi","Helio G100 Ultra, Octa Core, 2.2 GHz Processor","8 GB RAM, 256 GB inbuilt",9000 mAh Battery with 18W Fast Charging,"11 inches, 1600 x 2560 px, 90 Hz Display",8 MP Rear & 5 MP Front Camera,"Memory Card Supported, upto 2 TB"
6,Lenovo Idea Tab,"₹20,999",,"3G, 4G, 5G, Wi-Fi","Dimensity 6300, Octa Core, 2.4 GHz Processor","8 GB RAM, 256 GB inbuilt",7040 mAh Battery with 20W Fast Charging,"11 inches, 2560 x 1600 px, 90 Hz Display",8 MP Rear & 5 MP Front Camera,"Memory Card Supported, upto 1 TB",Android v15
7,Samsung Galaxy Tab S9 FE Plus 2023 (Wi-Fi Only+8GB RAM + 128GB),"₹30,055",78,Wi-Fi,"Exynos 1380, Octa Core, 2.4 GHz Processor","8 GB RAM, 128 GB inbuilt",10090 mAh Battery with 45W Fast Charging,"12.4 inches, 1600 x 2560 px, 120 Hz Display",8 MP + 8 MP Dual Rear & 12 MP Front Camera,"Memory Card Supported, upto 1 TB",Android v13
8,Xiaomi Redmi Pad Pro 5G (8GB RAM + 256GB),"₹25,299",,Dual Sim,"3G, 4G, 5G, VoLTE, Wi-Fi","Snapdragon 7s Gen2, Octa Core, 2.4 GHz Processor","8 GB RAM, 256 GB inbuilt",10000 mAh Battery with 33W Fast Charging,"12.1 inches, 1600 x 2560 px, 120 Hz Display",8 MP Rear & 8 MP Front Camera,"Memory Card (Hybrid), upto 1.5 TB"
9,Lenovo Xiaoxin Pad Pro 12.7,"₹18,499",,Single Sim,"3G, 4G, 5G, VoLTE, Wi-Fi","Snapdragon 870, Octa Core, 3.2 GHz Processor","8 GB RAM, 128 GB inbuilt",10200 mAh Battery with 20W Fast Charging,"12.7 inches, 2944 x 1840 px, 144 Hz Display",8 MP Rear & 13 MP Front Camera,"Memory Card Supported, upto 1 TB"
10,Xiaomi Pad 7,"₹26,999",74,No Sim Supported,"Wi-Fi, IR Blaster","Snapdragon 7+ Gen3, Octa Core, 2.8 GHz Processor","8 GB RAM, 128 GB inbuilt",8850 mAh Battery with 45W Fast Charging,"11.2 inches, 2136 x 3200 px, 144 Hz Display",13 MP Rear & 8 MP Front Camera,Android v15
11,Samsung Galaxy Tab S9 FE Plus,"₹44,999",,Single Sim,"3G, 4G, 5G, VoLTE, Wi-Fi","Exynos 1380, Octa Core, 2.4 GHz Processor","8 GB RAM, 128 GB inbuilt",10090 mAh Battery with 45W Fast Charging,"12.4 inches, 1600 x 2560 px, 120 Hz Display",8 MP + 8 MP Dual Rear & 12 MP Front Camera,"Memory Card Supported, upto 1 TB"
12,Lenovo Idea Tab Pro,"₹27,999",77,No Sim Supported,Wi-Fi,"Dimensity 8300, Octa Core, 3.35 GHz Processor","8 GB RAM, 128 GB inbuilt",10200 mAh Battery with 45W Fast Charging,"12.7 inches, 2944 x 1840 px, 144 Hz Display",13 MP Rear & 8 MP Front Camera,"Memory Card Supported, upto 1 TB"
13,Xiaomi Pad 7 Ultra,"₹68,990",,No Sim Supported,"Wi-Fi, NFC, IR Blaster","Xring O1, Deca Core, 3.7 GHz Processor","12 GB RAM, 256 GB inbuilt",12000 mAh Battery with 120W Fast Charging,"14 inches, 2136 x 3200 px, 120 Hz Display",50 MP Rear & 32 MP Front Camera,Android v15
14,Oneplus Pad 3,"₹45,990",79,No Sim Supported,Wi-Fi,"Snapdragon 8 Elite, Octa Core, 4.32 GHz Processor","12 GB RAM, 256 GB inbuilt",12140 mAh Battery with 80W Fast Charging,"13.2 inches, 2400 x 3392 px, 144 Hz Display",13 MP Rear & 8 MP Front Camera,Android v15
15,Motorola Moto Pad 60 Pro,"₹26,999",75,No Sim Supported,Wi-Fi,"Dimensity 8300, Octa Core, 3.35 GHz Processor","8 GB RAM, 128 GB inbuilt",10200 mAh Battery with 45W Fast Charging,"12.7 inches, 2944 x 1840 px, 144 Hz Display",13 MP Rear & 8 MP Front Camera,"Memory Card Supported, upto 1 TB"
16,Samsung Galaxy Tab S10 Ultra Tablet 5G (12GB+512GB),"₹1,14,999",,Single Sim,"3G, 4G, 5G, Wi-Fi","Dimensity 9300 Plus, Octa Core, 3.25 GHz Processor","12 GB RAM, 512 GB inbuilt",11200 mAh Battery with 45W Fast Charging,"14.6 inches, 1848 x 2960 px, 120 Hz Display",13 MP + 8 MP Dual Rear & 12 MP + 12 MP Dual Front Camera,Memory Card Supported
17,Lenovo Idea Tab (Wi-Fi Only),"₹17,999",74,No Sim Supported,Wi-Fi,"Dimensity 6300, Octa Core, 2.4 GHz Processor","8 GB RAM, 256 GB inbuilt",7040 mAh Battery with 20W Fast Charging,"11 inches, 2560 x 1600 px, 90 Hz Display",8 MP Rear & 5 MP Front Camera,"Memory Card Supported, upto 1 TB"
18,Poco Pad 5G Tablet,"₹23,999",,Single Sim,"3G, 4G, 5G, Wi-Fi","Snapdragon 7s Gen2, Octa Core, 2.4 GHz Processor","8 GB RAM, 128 GB inbuilt",10000 mAh Battery with 33W Fast Charging,"12.1 inches, 1600 x 2560 px, 120 Hz Display",8 MP Rear & 8 MP Front Camera,"Memory Card Supported, upto 1.5 TB"
19,OnePlus Pad 2 Tablet,"₹36,999",79,No Sim Supported,"Wi-Fi, NFC","Snapdragon 8 Gen3, Octa Core, 3.3 GHz Processor","8 GB RAM, 128 GB inbuilt",9510 mAh Battery with 67W Fast Charging,"12.1 inches, 2120 x 3000 px, 144 Hz Display",13 MP Rear & 8 MP Front Camera,Android v14
20,OnePlus Pad Go Tablet (LTE+8GB+256GB),"₹21,999",,Single Sim,"3G, 4G, Wi-Fi","Helio G99, Octa Core, 2.2 GHz Processor","8 GB RAM, 256 GB inbuilt",8000 mAh Battery with 33W Fast Charging,"11.35 inches, 1720 x 2408 px, 90 Hz Display",8 MP Rear & 8 MP Front Camera,"Memory Card Supported, upto 1 TB"
21,Lenovo Yoga Tab Plus,"₹52,999",,No Sim Supported,Wi-Fi,"Snapdragon 8 Gen3, Octa Core, 3.3 GHz Processor","16 GB RAM, 512 GB inbuilt",10200 mAh Battery with 45W Fast Charging,"12.7 inches, 2944 x 1840 px Display",13 MP + 2 MP Dual Rear & 13 MP Front Camera,Android v14
22,Xiaomi Pad 7 Nano Texture Display Edition,"₹31,999",75,No Sim Supported,"Wi-Fi, IR Blaster","Snapdragon 7+ Gen3, Octa Core, 2.8 GHz Processor","12 GB RAM, 256 GB inbuilt",8850 mAh Battery with 45W Fast Charging,"11.2 inches, 2136 x 3200 px, 144 Hz Display",13 MP Rear & 8 MP Front Camera,Android v15
23,Poco Pad 5G Tablet (8GB RAM +256GB),"₹25,999",,Single Sim,"3G, 4G, 5G, Wi-Fi","Snapdragon 7s Gen2, Octa Core, 2.4 GHz Processor","8 GB RAM, 256 GB inbuilt",10000 mAh Battery with 33W Fast Charging,"12.1 inches, 1600 x 2560 px, 120 Hz Display",8 MP Rear & 8 MP Front Camera,"Memory Card Supported, upto 1.5 TB"
24,Xiaomi Pad 7 Pro,"₹28,990",76,No Sim Supported,"Wi-Fi, IR Blaster","Snapdragon 8s Gen3, Octa Core, 3 GHz Processor","8 GB RAM, 128 GB inbuilt",8850 mAh Battery with 67W Fast Charging,"11.2 inches, 2136 x 3200 px, 144 Hz Display",50 MP + 2 MP Dual Rear & 32 MP Front Camera,Android v15
25,OnePlus Pad Go Tablet (Wi-FI Only),"₹17,999",74,Wi-Fi,"Helio G99, Octa Core, 2.2 GHz Processor","8 GB RAM, 128 GB inbuilt",8000 mAh Battery with 33W Fast Charging,"11.35 inches, 1720 x 2408 px, 90 Hz Display",8 MP Rear & 8 MP Front Camera,"Memory Card Supported, upto 1 TB",Android v13
26,Lenovo Xiaoxin Pad Pro 12.7 (8GB RAM + 256GB),"₹20,499",,Single Sim,"3G, 4G, 5G, VoLTE, Wi-Fi","Snapdragon 870, Octa Core, 3.2 GHz Processor","8 GB RAM, 256 GB inbuilt",10200 mAh Battery with 20W Fast Charging,"12.7 inches, 2944 x 1840 px, 144 Hz Display",8 MP Rear & 13 MP Front Camera,"Memory Card Supported, upto 1 TB"
27,Xiaomi Pad 6 Tablet (8GB RAM + 256GB),"₹24,999",73,No Sim Supported,Wi-Fi,"Snapdragon 870, Octa Core, 3.2 GHz Processor","8 GB RAM, 256 GB inbuilt",8840 mAh Battery with 33W Fast Charging,"11 inches, 1800 x 2880 px, 144 Hz Display",13 MP Rear & 8 MP Front Camera,Android v13
28,Motorola Moto Pad 60 Pro (12GB RAM + 256GB),"₹35,990",76,No Sim Supported,Wi-Fi,"Dimensity 8300, Octa Core, 3.35 GHz Processor","12 GB RAM, 256 GB inbuilt",10200 mAh Battery with 45W Fast Charging,"12.7 inches, 2944 x 1840 px, 144 Hz Display",13 MP Rear & 8 MP Front Camera,"Memory Card Supported, upto 1 TB"
29,Lenovo Idea Tab Pro (12GB RAM + 256GB),"₹30,999",79,No Sim Supported,Wi-Fi,"Dimensity 8300, Octa Core, 3.35 GHz Processor","12 GB RAM, 256 GB inbuilt",10200 mAh Battery with 45W Fast Charging,"12.7 inches, 2944 x 1840 px, 144 Hz Display",13 MP Rear & 8 MP Front Camera,"Memory Card Supported, upto 1 TB"
30,Apple iPad Air 11 2025 (128GB+Wi-Fi),"₹58,097",66,No Sim Supported,Wi-Fi,"Apple M3, Octa Core Processor","8 GB RAM, 128 GB inbuilt",7819 mAh Battery with Fast Charging,"11 inches, 1640 x 2360 px Display",12 MP Rear & 12 MP Front Camera,iPadOS v18.3.1
31,Samsung Galaxy Tab S11 Ultra,"₹1,29,990",,Single Sim,"3G, 4G, 5G, Wi-Fi","Dimensity 9400, Octa Core, 3.63 GHz Processor","12 GB RAM, 256 GB inbuilt",11600 mAh Battery with 45W Fast Charging,"14.6 inches, 1848 x 2960 px, 120 Hz Display",13 MP Rear & 12 MP Front Camera,Memory Card Supported
32,Samsung Galaxy Tab S10 FE 5G,"₹50,999",,Dual Sim,"3G, 4G, 5G, Wi-Fi","Exynos 1580, Octa Core, 2.9 GHz Processor","8 GB RAM, 128 GB inbuilt",8000 mAh Battery with 45W Fast Charging,"10.9 inches, 1440 x 2304 px, 90 Hz Display",13 MP Rear & 12 MP Front Camera,"Memory Card Supported, upto 2 TB"
33,OnePlus Pad 2 Tablet (12GB RAM + 256GB),"₹39,999",,No Sim Supported,"Wi-Fi, NFC","Snapdragon 8 Gen3, Octa Core, 3.3 GHz Processor","12 GB RAM, 256 GB inbuilt",9510 mAh Battery with 67W Fast Charging,"12.1 inches, 2120 x 3000 px, 144 Hz Display",13 MP Rear & 8 MP Front Camera,Android v14
34,Samsung Galaxy Tab A9 Plus Tablet (Wi-Fi+8GB RAM+128GB),"₹17,299",70,Wi-Fi,"Snapdragon 695, Octa Core, 2.2 GHz Processor","8 GB RAM, 128 GB inbuilt",7040 mAh Battery with 15W Fast Charging,"11 inches, 1200 x 1920 px, 90 Hz Display",8 MP Rear & 5 MP Front Camera,"Memory Card Supported, upto 1 TB",Android v13
35,Lenovo Tab M11,"₹14,490",70,No Sim Supported,Wi-Fi,"Helio G88, Octa Core, 2 GHz Processor","8 GB RAM, 128 GB inbuilt",7040 mAh Battery with 15W Fast Charging,"11 inches, 1200 x 1920 px, 90 Hz Display",13 MP Rear & 8 MP Front Camera,"Memory Card Supported, upto 1 TB"
36,Nubia Red Magic Gaming Tablet 3 Pro,"₹46,990",79,"Wi-Fi, NFC","Snapdragon 8 Elite, Octa Core, 4.32 GHz Processor","12 GB RAM, 256 GB inbuilt",8240 mAh Battery with 80W Fast Charging,"9.06 inches, 1504 x 2400 px, 165 Hz Display",50 MP Rear & 20 MP Front Camera,Memory Card Not Supported,Android v15
37,OnePlus Pad 3 Pro,"₹44,990",78,No Sim Supported,Wi-Fi,"Snapdragon 8 Elite, Octa Core, 4.32 GHz Processor","8 GB RAM, 256 GB inbuilt",12140 mAh Battery with 80W Fast Charging,"13.2 inches, 2400 x 3392 px, 144 Hz Display",13 MP Rear & 8 MP Front Camera,Android v15
38,Samsung Galaxy Tab S10 FE Plus (12GB RAM + 256GB + 5G),"₹73,999",,Dual Sim,"3G, 4G, 5G, VoLTE, Wi-Fi","Exynos 1580, Octa Core, 2.9 GHz Processor","12 GB RAM, 256 GB inbuilt",10090 mAh Battery with 45W Fast Charging,"13.1 inches, 1800 x 2880 px, 90 Hz Display",13 MP Rear & 12 MP Front Camera,"Memory Card Supported, upto 2 TB"
39,Vivo Pad SE,"₹11,990",69,"Wi-Fi, NFC",No 3G,"Snapdragon 4 Gen2, Octa Core, 2.2 GHz Processor","8 GB RAM, 128 GB inbuilt",8500 mAh Battery with 15W Fast Charging,"12.3 inches, 1600 x 2464 px, 120 Hz Display",5 MP Rear & 5 MP Front Camera,Android v15
40,Infinix XPAD (8GB RAM + 256GB),"₹14,999",74,Single Sim,"3G, 4G, Wi-Fi","Helio G99, Octa Core, 2.2 GHz Processor","8 GB RAM, 256 GB inbuilt",7000 mAh Battery with 18W Fast Charging,"11 inches, 1200 x 1920 px, 90 Hz Display",8 MP Rear & 8 MP Front Camera,Memory Card Supported
41,Lenovo Tab Plus 2024,"₹20,999",71,No Sim Supported,Wi-Fi,"Helio G99, Octa Core, 2.2 GHz Processor","8 GB RAM, 256 GB inbuilt",8600 mAh Battery with 45W Fast Charging,"11.5 inches, 1200 x 2000 px, 90 Hz Display",8 MP Rear & 8 MP Front Camera,"Memory Card Supported, upto 1 TB"
42,Samsung Galaxy Tab S9 FE (5G + 8GB RAM + 256GB),"₹45,999",,Single Sim,"3G, 4G, 5G, VoLTE, Wi-Fi","Exynos 1380, Octa Core, 2.4 GHz Processor","8 GB RAM, 256 GB inbuilt",8000 mAh Battery with 45W Fast Charging,"10.9 inches, 1440 x 2304 px, 90 Hz Display",8 MP Rear & 12 MP Front Camera,"Memory Card Supported, upto 1 TB"
43,Samsung Galaxy Tab S9 FE Plus (12GB RAM + 256GB),"₹58,999",,Single Sim,"3G, 4G, 5G, VoLTE, Wi-Fi","Exynos 1380, Octa Core, 2.4 GHz Processor","12 GB RAM, 256 GB inbuilt",10090 mAh Battery with 45W Fast Charging,"12.4 inches, 1600 x 2560 px, 120 Hz Display",8 MP + 8 MP Dual Rear & 12 MP Front Camera,"Memory Card Supported, upto 1 TB"
44,Samsung Galaxy Tab S9 FE Plus (Wi-Fi Only+12GB RAM + 256GB),"₹44,999",,Wi-Fi,"Exynos 1380, Octa Core, 2.4 GHz Processor","12 GB RAM, 256 GB inbuilt",10090 mAh Battery with 45W Fast Charging,"12.4 inches, 1600 x 2560 px, 120 Hz Display",8 MP + 8 MP Dual Rear & 12 MP Front Camera,"Memory Card Supported, upto 1 TB",Android v13
45,Samsung Galaxy Tab S9 Tablet (Wi-Fi+8GB+128GB),"₹59,999",,Wi-Fi,"Snapdragon 8 Gen2, Octa Core, 3.2 GHz Processor","8 GB RAM, 128 GB inbuilt",8400 mAh Battery with 45W Fast Charging,"11 inches, 1600 x 2560 px, 120 Hz Display",13 MP Rear & 12 MP Front Camera,"Memory Card Supported, upto 1 TB",Android v13
46,OnePlus Pad Tablet (12 GB RAM + 256 GB),"₹24,999",77,Wi-Fi,No 3G,"Dimensity 9000, Octa Core, 3.05 GHz Processor","12 GB RAM, 256 GB inbuilt",9510 mAh Battery with 67W Fast Charging,"11.61 inches, 2000 x 2800 px, 144 Hz Display",13 MP Rear & 8 MP Front Camera,Android v13.1
47,OnePlus Pad Tablet,"₹22,999",75,No Sim Supported,Wi-Fi,"Dimensity 9000, Octa Core, 3.05 GHz Processor","8 GB RAM, 128 GB inbuilt",9510 mAh Battery with 67W Fast Charging,"11.61 inches, 2000 x 2800 px, 144 Hz Display",13 MP Rear & 8 MP Front Camera,Android v13.1
48,Lenovo Yoga Tab Plus (256GB),"₹49,999",,No Sim Supported,Wi-Fi,"Snapdragon 8 Gen3, Octa Core, 3.3 GHz Processor","16 GB RAM, 256 GB inbuilt",10200 mAh Battery with 45W Fast Charging,"12.7 inches, 2944 x 1840 px Display",13 MP + 2 MP Dual Rear & 13 MP Front Camera,Android v14
49,Honor MagicPad 3 Tablet,"₹64,990",78,No Sim Supported,Wi-Fi,"Snapdragon 8 Gen3, Octa Core, 3.3 GHz Processor","12 GB RAM, 256 TB inbuilt",12450 mAh Battery with 66W Fast Charging,"13.3 inches, 165 Hz Display",20 MP Rear & 12 MP Front Camera,Memory Card Not Supported
50,Lenovo Idea Tab Pro (8GB RAM + 256GB),"₹30,499",78,No Sim Supported,Wi-Fi,"Dimensity 8300, Octa Core, 3.35 GHz Processor","8 GB RAM, 256 GB inbuilt",10200 mAh Battery with 45W Fast Charging,"12.7 inches, 2944 x 1840 px, 144 Hz Display",13 MP Rear & 8 MP Front Camera,"Memory Card Supported, upto 1 TB"
51,Oppo Pad 4 Pro,"₹46,990",78,No Sim Supported,Wi-Fi,"Snapdragon 8 Elite, Octa Core, 4.32 GHz Processor","8 GB RAM, 256 GB inbuilt",12140 mAh Battery with 80W Fast Charging,"13.2 inches, 2400 x 3392 px, 144 Hz Display",13 MP Rear & 8 MP Front Camera,Android v15
52,Poco Pad 2 Tablet,"₹27,990",71,Single Sim,"3G, 4G, 5G, Wi-Fi","Snapdragon 7s Gen3, Octa Core Processor","8 GB RAM, 128 GB inbuilt",10500 mAh Battery with 33W Fast Charging,"12.1 inches, 1800 x 2700 px, 120 Hz Display",13 MP Rear & 8 MP Front Camera,"Memory Card Supported, upto 1.5 TB"
53,Lenovo Xiaoxin Pad Pro 12.7 (2025),"₹26,990",,Single Sim,"3G, 4G, 5G, VoLTE, Wi-Fi","Dimensity 8300, Octa Core, 3.35 GHz Processor","8 GB RAM, 128 GB inbuilt",10200 mAh Battery with 20W Fast Charging,"12.7 inches, 2944 x 1840 px, 144 Hz Display",8 MP Rear & 13 MP Front Camera,"Memory Card Supported, upto 1 TB"
54,Lenovo Tab Plus 2024 (8GB RAM + 128GB),"₹18,998",70,No Sim Supported,Wi-Fi,"Helio G99, Octa Core, 2.2 GHz Processor","8 GB RAM, 128 GB inbuilt",8600 mAh Battery with 45W Fast Charging,"11.5 inches, 1200 x 2000 px, 90 Hz Display",8 MP Rear & 8 MP Front Camera,"Memory Card Supported, upto 1 TB"
55,Apple iPad Pro 13 2024 Tablet 5G (2TB + Nano Texture Glass),"₹2,52,078",,Single Sim,"3G, 4G, 5G, Wi-Fi","Apple M4, Deca Core Processor","16 GB RAM, 2 TB inbuilt",10538 mAh Battery with Fast Charging,"13 inches, 2064 x 2752 px, 120 Hz Display",12 MP Rear & 12 MP Front Camera,iPadOS v17.4
56,Apple iPad Pro 11 inch Tablet (Wi-Fi +256GB),"₹94,990",70,No Sim Supported,Wi-Fi,"Apple M4, Nine Core Processor","8 GB RAM, 256 GB inbuilt",8457 mAh Battery with Fast Charging,"11 inches, 1668 x 2420 px, 120 Hz Display",12 MP Rear & 12 MP Front Camera,ipad OS v17.4
57,Vivo Pad Air Tablet,"₹20,499",71,Wi-Fi,"Snapdragon 870, Octa Core, 3.2 GHz Processor","8 GB RAM, 128 GB inbuilt",8500 mAh Battery with 44W Fast Charging,"11.5 inches, 1840 x 2800 px, 144 Hz Display",8 MP Rear & 5 MP Front Camera,Android v13,No FM Radio
58,Nubia Red Magic Nova Gaming Tablet,"₹45,999",,"Wi-Fi, NFC","Snapdragon 8 Gen3, Octa Core, 3.3 GHz Processor","12 GB RAM, 256 GB inbuilt",10100 mAh Battery with 120W Fast Charging,"10.9 inches, 1800 x 2880 px, 144 Hz Display",50 MP Rear & 20 MP Front Camera,Memory Card Not Supported,Android v14
59,Samsung Galaxy Tab S8 Ultra 5G Tablet,"₹84,499",,Single Sim,"3G, 4G, 5G, VoLTE, Wi-Fi","Snapdragon 8 Gen1, Octa Core, 3 GHz Processor","12 GB RAM, 256 GB inbuilt",11200 mAh Battery with 45W Fast Charging,"14.6 inches, 1848 x 2960 px, 120 Hz Display",13 MP + 6 MP Dual Rear & 12 MP + 12 MP Dual Front Camera,"Memory Card Supported, upto 1 TB"
60,Honor Pad GT2 Pro,"₹28,999",73,Wi-Fi,No 3G,"Snapdragon 8 Gen3, Octa Core, 3.3 GHz Processor","8 GB RAM, 128 GB inbuilt",10100 mAh Battery with 66W Fast Charging,"12.3 inches, 3000 x 1920 px, 165 Hz Display",13 MP Rear & 8 MP Front Camera,Memory Card Not Supported
61,OPPO Pad SE (8GB + 128GB + LTE),"₹16,999",71,"3G, 4G, Wi-Fi","Helio G100, Octa Core, 2.2 GHz Processor","8 GB RAM, 128 GB inbuilt",9340 mAh Battery with 33W Fast Charging,"10.95 inches, 1200 x 1920 px, 90 Hz Display",5 MP Rear & 5 MP Front Camera,Android v15,No FM Radio
62,Honor Pad 10,"₹27,990",72,No Sim Supported,Wi-Fi,"Snapdragon 7 Gen1, Octa Core, 2.4 GHz Processor","8 GB RAM, 256 GB inbuilt",9000 mAh Battery with Fast Charging,"12.1 inches, 1600 x 2560 px, 120 Hz Display",13 MP Rear & 8 MP Front Camera,Android v15
63,Samsung Galaxy Tab S10 FE (WI-FI+ 8GB RAM + 128GB),"₹40,800",78,No Sim Supported,Wi-Fi,"Exynos 1580, Octa Core, 2.9 GHz Processor","8 GB RAM, 128 GB inbuilt",8000 mAh Battery with 45W Fast Charging,"10.9 inches, 1440 x 2304 px, 90 Hz Display",13 MP Rear & 12 MP Front Camera,"Memory Card Supported, upto 2 TB"
64,Samsung Galaxy Tab S10 FE Plus (WI-FI+ 8GB RAM + 128GB),"₹55,999",,No Sim Supported,Wi-Fi,"Exynos 1580, Octa Core, 2.9 GHz Processor","8 GB RAM, 128 GB inbuilt",10090 mAh Battery with 45W Fast Charging,"13.1 inches, 1800 x 2880 px, 90 Hz Display",13 MP Rear & 12 MP Front Camera,"Memory Card Supported, upto 2 TB"
65,Vivo Pad 5 Pro,"₹35,999",74,No Sim Supported,Wi-Fi,"Dimensity 9400, Octa Core, 3.63 GHz Processor","8 GB RAM, 128 GB inbuilt",12050 mAh Battery with 66W Fast Charging,"13 inches, 2064 x 3096 px, 144 Hz Display",13 MP Rear & 8 MP Front Camera,Android v15
66,Apple iPad Air 13 2025 (Wi-Fi + 256GB),"₹86,990",68,No Sim Supported,Wi-Fi,"Apple M3, Octa Core Processor","8 GB RAM, 256 GB inbuilt",9889 mAh Battery,"13 inches, 2048 x 2732 px Display",12 MP Rear & 12 MP Front Camera,iOS v18.3.1
67,Apple iPad Air 13 2025 (Wi-Fi + 128GB),"₹77,490",67,No Sim Supported,Wi-Fi,"Apple M3, Octa Core Processor","8 GB RAM, 128 GB inbuilt",9889 mAh Battery,"13 inches, 2048 x 2732 px Display",12 MP Rear & 12 MP Front Camera,iOS v18.3.1
68,Xiaomi Pad 7S Pro,"₹39,990",78,No Sim Supported,"Wi-Fi, IR Blaster","Xring O1, Octa Core, 3.4 GHz Processor","8 GB RAM, 256 GB inbuilt",10610 mAh Battery with 120W Fast Charging,"12.5 inches, 2136 x 3200 px, 144 Hz Display",50 MP Rear & 32 MP Front Camera,Android v15
69,Samsung Galaxy Tab S10 FE Plus 5G,"₹63,999",,Dual Sim,"3G, 4G, 5G, VoLTE, Wi-Fi","Exynos 1580, Octa Core, 2.9 GHz Processor","8 GB RAM, 128 GB inbuilt",10090 mAh Battery with 45W Fast Charging,"13.1 inches, 1800 x 2880 px, 90 Hz Display",13 MP Rear & 12 MP Front Camera,"Memory Card Supported, upto 2 TB"
70,Samsung Galaxy Tab S10 Ultra Tablet (Wi-Fi+12GB+256GB),"₹1,08,999",,No Sim Supported,Wi-Fi,"Dimensity 9300 Plus, Octa Core, 3.25 GHz Processor","12 GB RAM, 256 GB inbuilt",11200 mAh Battery with 45W Fast Charging,"14.6 inches, 1848 x 2960 px, 120 Hz Display",13 MP + 8 MP Dual Rear & 12 MP + 12 MP Dual Front Camera,Memory Card Supported
71,Samsung Galaxy Tab S10 Ultra Tablet (12GB+512GB+Wi-Fi),"₹1,19,999",,No Sim Supported,Wi-Fi,"Dimensity 9300 Plus, Octa Core, 3.25 GHz Processor","12 GB RAM, 512 GB inbuilt",11200 mAh Battery with 45W Fast Charging,"14.6 inches, 1848 x 2960 px, 120 Hz Display",13 MP + 8 MP Dual Rear & 12 MP + 12 MP Dual Front Camera,Memory Card Supported
72,Realme Pad 2 Lite (8GB RAM + 128GB),"₹15,890",74,Single Sim,"3G, 4G, Wi-Fi","Helio G99, Octa Core, 2.2 GHz Processor","8 GB RAM, 128 GB inbuilt",8300 mAh Battery with 15W Fast Charging,"10.95 inches, 1200 x 1920 px, 90 Hz Display",8 MP Rear & 5 MP Front Camera,"Memory Card Supported, upto 1 TB"
73,Huawei MatePad Pro 12.2,"₹49,990",68,No Sim Supported,Wi-Fi,"​Kirin 9010W, Octa Core Processor","12 GB RAM, 256 GB inbuilt",10100 mAh Battery with 100W Fast Charging,"12.2 inches, 2800 x 1840 px, 144 Hz Display",50 MP Rear & 8 MP Front Camera,HarmonyOS v4.2
74,Honor MagicPad 2 Tablet,"₹56,990",76,No Sim Supported,Wi-Fi,"Snapdragon 8S Gen3, Octa Core, 3 GHz Processor","8 GB RAM, 256 GB inbuilt",10050 mAh Battery with 66W Fast Charging,"12.3 inches, 1920 x 3000 px, 144 Hz Display",13 MP Rear & 9 MP Front Camera,Memory Card Not Supported
75,Samsung Galaxy Tab S10 Ultra Tablet 5G,"₹1,22,999",,Single Sim,"3G, 4G, 5G, Wi-Fi","Dimensity 9300 Plus, Octa Core, 3.25 GHz Processor","12 GB RAM, 256 GB inbuilt",11200 mAh Battery with 45W Fast Charging,"14.6 inches, 1848 x 2960 px, 120 Hz Display",13 MP + 8 MP Dual Rear & 12 MP + 12 MP Dual Front Camera,Memory Card Supported
76,Xiaomi Redmi Pad SE Tablet (8GB RAM + 128GB),"₹13,999",69,No Sim Supported,Wi-Fi,"Snapdragon 680, Octa Core, 2.4 GHz Processor","8 GB RAM, 128 GB inbuilt",8000 mAh Battery with 10W Fast Charging,"11 inches, 1200 x 1920 px, 90 Hz Display",8 MP Rear & 5 MP Front Camera,"Memory Card Supported, upto 1 TB"
77,Lenovo Tab M11 (LTE),"₹15,599",76,Single Sim,"3G, 4G, Wi-Fi","Helio G88, Octa Core, 2 GHz Processor","8 GB RAM, 128 GB inbuilt",7040 mAh Battery with 15W Fast Charging,"11 inches, 1200 x 1920 px, 90 Hz Display",13 MP Rear & 8 MP Front Camera,"Memory Card Supported, upto 1 TB"
78,Samsung Galaxy Tab S10 Plus,"₹1,04,999",,Single Sim,"3G, 4G, 5G, VoLTE, Wi-Fi","Dimensity 9300 Plus, Octa Core, 3.25 GHz Processor","12 GB RAM, 256 GB inbuilt",10090 mAh Battery with 45W Fast Charging,"12.4 inches, 1752 x 2800 px, 120 Hz Display",13 MP + 8 MP Dual Rear & 12 MP Front Camera,"Memory Card Supported, upto 1.5 TB"
79,Lenovo Legion Tab 2024,"₹39,999",77,Wi-Fi,"Snapdragon 8+ Gen1, Octa Core, 3.2 GHz Processor","12 GB RAM, 256 GB inbuilt",6550 mAh Battery with 45W Fast Charging,"8.8 inches, 1600 x 2560 px, 144 Hz Display",13 MP + 2 MP Dual Rear & 8 MP Front Camera,"Memory Card Supported, upto 1 TB",Android v13
80,Honor Pad 9,"₹18,749",72,No Sim Supported,Wi-Fi,"Snapdragon 6 Gen1, Octa Core, 2.2 GHz Processor","8 GB RAM, 256 GB inbuilt",8300 mAh Battery with 35W Fast Charging,"12.1 inches, 1600 x 2560 px, 120 Hz Display",13 MP Rear & 8 MP Front Camera,Android v13
81,Samsung Galaxy Tab S9 Tablet (5G+12GB+256GB),"₹83,999",,Single Sim,"3G, 4G, 5G, VoLTE, Wi-Fi","Snapdragon 8 Gen2, Octa Core, 3.2 GHz Processor","12 GB RAM, 256 GB inbuilt",8400 mAh Battery with 45W Fast Charging,"11 inches, 1600 x 2560 px, 120 Hz Display",13 MP Rear & 12 MP Front Camera,"Memory Card Supported, upto 1 TB"
82,Samsung Galaxy Tab S9 Plus Tablet (Wi-Fi+12GB+256GB),"₹90,999",,Wi-Fi,"Snapdragon 8 Gen2, Octa Core, 3.2 GHz Processor","12 GB RAM, 256 GB inbuilt",10090 mAh Battery with 45W Fast Charging,"12.4 inches, 1752 x 2800 px, 120 Hz Display",13 MP + 8 MP Dual Rear & 12 MP Front Camera,"Memory Card Supported, upto 1 TB",Android v13
83,Lenovo Tab P12,"₹24,990",75,Wi-Fi,"Dimensity 7050, Octa Core, 2 GHz Processor","8 GB RAM, 256 GB inbuilt",10200 mAh Battery with 30W Fast Charging,"12.7 inches, 2944 x 1840 px Display",13 MP Rear & 8 MP Front Camera,"Memory Card Supported, upto 1 TB",Android v13
84,Realme Pad 2 Tablet (8GB RAM + 256GB),"₹18,999",77,Single Sim,"3G, 4G, VoLTE, Wi-Fi","Helio G99, Octa Core, 2.2 GHz Processor","8 GB RAM, 256 GB inbuilt",8360 mAh Battery with 33W Fast Charging,"11.5 inches, 1200 x 2000 px, 120 Hz Display",8 MP Rear & 5 MP Front Camera,"Memory Card Supported, upto 1 TB"
85,Lenovo Tab Extreme,"₹96,990",,Wi-Fi,No 3G,"Dimensity 9000, Octa Core, 3.05 GHz Processor","12 GB RAM, 256 GB inbuilt",12300 mAh Battery with 68W Fast Charging,"14.5 inches, 1876 x 3000 px, 120 Hz Display",13 MP Rear & 13 MP Front Camera,Memory Card Supported
86,Samsung Galaxy Tab S8 Ultra Tablet (Wi-Fi Only),"₹85,999",,Wi-Fi,No 3G,"Snapdragon 8 Gen1, Octa Core, 3 GHz Processor","12 GB RAM, 256 GB inbuilt",11200 mAh Battery with 45W Fast Charging,"14.6 inches, 1848 x 2960 px, 120 Hz Display",13 MP + 6 MP Dual Rear & 12 MP + 12 MP Dual Front Camera,"Memory Card Supported, upto 1 TB"
87,Lenovo Legion Pad Gaming Tablet,"₹24,999",,Dual Sim,"3G, 4G, 5G, VoLTE, Wi-Fi","Snapdragon 870, Octa Core, 3.2 GHz Processor","8 GB RAM, 128 GB inbuilt",7100 mAh Battery with 30W Fast Charging,"7 inches, 1080 x 2400 px, 120 Hz Display",8 MP Rear & 8 MP Front Camera,"Memory Card Supported, upto 512 GB"
88,Vivo Pad Tablet,"₹28,990",76,"Wi-Fi, NFC",No 3G,"Snapdragon 870 , Octa Core, 3.2 GHz Processor","8 GB RAM, 128 GB inbuilt",8040 mAh Battery with 44W Fast Charging,"11 inches, 1600 x 2560 px, 120 Hz Display",13 MP + 8 MP Dual Rear & 8 MP Front Camera,Android v12
89,Samsung Galaxy Tab S11,"₹59,999",,Dual Sim,"3G, 4G, 5G, Wi-Fi","Dimensity 9400, Octa Core, 3.63 GHz Processor","12 GB RAM, 128 GB inbuilt",8400 mAh Battery with 45W Fast Charging,"11 inches, 1600 x 2560 px Display",13 MP + 8 MP Dual Rear & 12 MP Front Camera,Memory Card Supported
90,Xiaomi Pad Mini,"₹32,990",70,No Sim Supported,"Wi-Fi, IR Blaster","Dimensity 9400 Plus, Octa Core, 3.63 GHz Processor","8 GB RAM, 256 GB inbuilt",7500 mAh Battery with 67W Fast Charging,"8.8 inches, 1880 x 3008 px, 165 Hz Display",13 MP Rear & 8 MP Front Camera,Android v15
91,DOMO Slate SLP16 Tablet,"₹11,990",74,Dual Sim,"3G, 4G, VoLTE, Wi-Fi","Tiger T610, Octa Core, 1.8 GHz Processor","8 GB RAM, 128 GB inbuilt",5020 mAh Battery,"10.5 inches, 2000 x 1200 px Display",13 MP Rear & 5 MP Front Camera,"Memory Card (Hybrid), upto 1 TB"
92,Acer Iconia Tab iM11-12M Tablet (8GB+256GB),"₹29,999",78,Dual Sim,"3G, 4G, Wi-Fi","Helio G99, Octa Core, 2.2 GHz Processor","8 GB RAM, 256 GB inbuilt",7400 mAh Battery with 18W Fast Charging,"11.45 inches, 2200 x 1440 px Display",16 MP Rear & 8 MP Front Camera,"Memory Card (Hybrid), upto 1 TB"
93,Vivo Pad 5,"₹26,999",74,No Sim Supported,"Wi-Fi, NFC","Dimensity 9300 Plus, Octa Core, 3.63 GHz Processor","8 GB RAM, 128 GB inbuilt",10000 mAh Battery with 44W Fast Charging,"12.1 inches, 1968 x 2800 px, 144 Hz Display",8 MP Rear & 5 MP Front Camera,Android v15
94,Huawei MatePad Pro 12.2 (2025),"₹81,990",,No Sim Supported,Wi-Fi,"Kirin 9000S, Octa Core, 2.62 GHz Processor","12 GB RAM, 256 GB inbuilt",10100 mAh Battery with 100W Fast Charging,"12.2 inches, 2800 x 1840 px Display",50 MP + 8 MP Dual Rear & 8 MP Front Camera,HarmonyOS v4.3
95,iQOO Pad 5 Pro,"₹37,990",77,No Sim Supported,Wi-Fi,"Dimensity 9400 Plus, Octa Core, 3.63 GHz Processor","8 GB RAM, 256 GB inbuilt",12050 mAh Battery with 66W Fast Charging,"13 inches, 2064 x 3096 px, 144 Hz Display",13 MP Rear & 8 MP Front Camera,Android v15
96,Nubia Tablet Pro,"₹32,999",75,No Sim Supported,Wi-Fi,"Snapdragon 8 Gen3, Octa Core, 3.3 GHz Processor","8 GB RAM, 256 GB inbuilt",10100 mAh Battery with 66W Fast Charging,"10.9 inches, 1800 x 2880 px Display",13 MP Rear & 20 MP Front Camera,Android v15
97,Honor Tablet GT,"₹19,999",72,No Sim Supported,Wi-Fi,"Dimensity 8350, Octa Core, 3.35 GHz Processor","8 GB RAM, 128 GB inbuilt",10100 mAh Battery with 66W Fast Charging,"11.5 inches, 2800 x 1840 px Display",13 MP Rear & 8 MP Front Camera,Android v15
98,Samsung Galaxy Tab S10 FE (5G+ 12GB RAM + 256GB),"₹61,999",,Dual Sim,"3G, 4G, 5G, Wi-Fi","Exynos 1580, Octa Core, 2.9 GHz Processor","12 GB RAM, 256 GB inbuilt",8000 mAh Battery with 45W Fast Charging,"10.9 inches, 1440 x 2304 px, 90 Hz Display",13 MP Rear & 12 MP Front Camera,"Memory Card Supported, upto 2 TB"
99,Samsung Galaxy Tab S10 FE (WI-FI+ 12GB RAM + 256GB),"₹53,999",,No Sim Supported,Wi-Fi,"Exynos 1580, Octa Core, 2.9 GHz Processor","12 GB RAM, 256 GB inbuilt",8000 mAh Battery with 45W Fast Charging,"10.9 inches, 1440 x 2304 px, 90 Hz Display",13 MP Rear & 12 MP Front Camera,"Memory Card Supported, upto 2 TB"
100,Samsung Galaxy Tab S10 FE Plus (WI-FI+ 12GB RAM + 256GB),"₹65,999",,No Sim Supported,Wi-Fi,"Exynos 1580, Octa Core, 2.9 GHz Processor","12 GB RAM, 256 GB inbuilt",10090 mAh Battery with 45W Fast Charging,"13.1 inches, 1800 x 2880 px, 90 Hz Display",13 MP Rear & 12 MP Front Camera,"Memory Card Supported, upto 2 TB"
101,Teclast T70 Tablet,"₹14,990",77,Dual Sim,"3G, 4G, VoLTE, Wi-Fi","Helio G99, Octa Core, 2.2 GHz Processor","8 GB RAM, 256 GB inbuilt",10000 mAh Battery with Fast Charging,"14 inches, 1920 x 1200 px Display",13 MP + 0.08 MP Dual Rear & 8 MP Front Camera,Android v14
102,Infinix XPAD GT,"₹33,990",74,No Sim Supported,Wi-Fi,"Snapdragon 888, Octa Core, 2.84 GHz Processor","8 GB RAM, 256 GB inbuilt",10000 mAh Battery with 33W Fast Charging,"13 inches, 2880 x 1840 px, 120 Hz Display",13 MP Rear & 9 MP Front Camera,Memory Card Supported
103,Apple iPad Air 11 2025 (1TB+Wi-Fi),"₹1,06,592",69,No Sim Supported,Wi-Fi,"Apple M3, Octa Core Processor","8 GB RAM, 1 TB inbuilt",7819 mAh Battery with Fast Charging,"11 inches, 1640 x 2360 px Display",12 MP Rear & 12 MP Front Camera,iPadOS v18.3.1
104,Apple iPad Air 11 2025 (512GB+Wi-Fi),"₹87,194",68,No Sim Supported,Wi-Fi,"Apple M3, Octa Core Processor","8 GB RAM, 512 GB inbuilt",7819 mAh Battery with Fast Charging,"11 inches, 1640 x 2360 px Display",12 MP Rear & 12 MP Front Camera,iPadOS v18.3.1
105,Apple iPad Air 13 2025 Tablet (5G + 1TB),"₹1,40,539",76,Single Sim,"3G, 4G, 5G, Wi-Fi","Apple M3, Octa Core Processor","8 GB RAM, 1 TB inbuilt",9889 mAh Battery,"13 inches, 2048 x 2732 px Display",12 MP Rear & 12 MP Front Camera,iOS v18.3.1
106,Apple iPad Air 13 2025 (Wi-Fi + 1TB),"₹1,29,900",69,No Sim Supported,Wi-Fi,"Apple M3, Octa Core Processor","8 GB RAM, 1 TB inbuilt",9889 mAh Battery,"13 inches, 2048 x 2732 px Display",12 MP Rear & 12 MP Front Camera,iOS v18.3.1
107,Apple iPad Air 11 2025 Tablet (1TB + 5G),"₹1,21,141",76,Single Sim,"3G, 4G, 5G, Wi-Fi","Apple M3, Octa Core Processor","8 GB RAM, 1 TB inbuilt",7819 mAh Battery with Fast Charging,"11 inches, 1640 x 2360 px Display",12 MP Rear & 12 MP Front Camera,iPadOS v18.3.1
108,Apple iPad Air 13 2025 Tablet (5G + 256GB),"₹1,04,900",75,Single Sim,"3G, 4G, 5G, Wi-Fi","Apple M3, Octa Core Processor","8 GB RAM, 256 GB inbuilt",9889 mAh Battery,"13 inches, 2048 x 2732 px Display",12 MP Rear & 12 MP Front Camera,iOS v18.3.1
109,Apple iPad Air 13 2025 (Wi-Fi + 512GB),"₹1,09,900",68,No Sim Supported,Wi-Fi,"Apple M3, Octa Core Processor","8 GB RAM, 512 GB inbuilt",9889 mAh Battery,"13 inches, 2048 x 2732 px Display",12 MP Rear & 12 MP Front Camera,iOS v18.3.1
110,Apple iPad Air 11 2025 (256GB+Wi-Fi),"₹67,796",67,No Sim Supported,Wi-Fi,"Apple M3, Octa Core Processor","8 GB RAM, 256 GB inbuilt",7819 mAh Battery with Fast Charging,"11 inches, 1640 x 2360 px Display",12 MP Rear & 12 MP Front Camera,iPadOS v18.3.1
111,Apple iPad Air 13 2025 Tablet 5G,"₹91,990",74,Single Sim,"3G, 4G, 5G, Wi-Fi","Apple M3, Octa Core Processor","8 GB RAM, 128 GB inbuilt",9889 mAh Battery,"13 inches, 2048 x 2732 px Display",12 MP Rear & 12 MP Front Camera,iOS v18.3.1
112,Apple iPad Air 11 2025 Tablet 5G,"₹72,646",74,Single Sim,"3G, 4G, 5G, Wi-Fi","Apple M3, Octa Core Processor","8 GB RAM, 128 GB inbuilt",7819 mAh Battery with Fast Charging,"11 inches, 1640 x 2360 px Display",12 MP Rear & 12 MP Front Camera,iPadOS v18.3.1
113,TCL Nxtpaper 11 Plus,"₹22,990",75,Single Sim,"VoLTE, Wi-Fi",No 3G,"Helio G100, Octa Core, 2.2 GHz Processor","8 GB RAM, 256 GB inbuilt",8000 mAh Battery with 33W Fast Charging,"11.5 inches, 1440 x 2200 px, 120 Hz Display",8 MP Rear & 8 MP Front Camera
114,OnePlus Pad Go 2,"₹18,999",69,Single Sim,"3G, 4G, Wi-Fi","Helio G100, Octa Core Processor","8 GB RAM, 128 GB inbuilt",8880 mAh Battery with 45W Fast Charging,"11.8 inches, 1720 x 2408 px, 120 Hz Display",13 MP Rear & 8 MP Front Camera,"Memory Card Supported, upto 1 TB"
115,Lenovo Tab K12,"₹14,990",70,No Sim Supported,Wi-Fi,"Helio G99, Octa Core, 2.2 GHz Processor","8 GB RAM, 256 GB inbuilt",8300 mAh Battery with 35W Fast Charging,"11.2 inches, 1200 x 2400 px, 120 Hz Display",13 MP Rear & 8 MP Front Camera,"Memory Card Supported, upto 1 TB"
116,Lenovo Legion Tab (2025),"₹42,990",78,Wi-Fi,"Snapdragon 8 Gen3, Octa Core, 3.3 GHz Processor","12 GB RAM, 256 GB inbuilt",6550 mAh Battery with 45W Fast Charging,"8.8 inches, 1600 x 2560 px, 144 Hz Display",13 MP + 2 MP Dual Rear & 8 MP Front Camera,"Memory Card Supported, upto 1 TB",Android v14
117,Vivo Pad 4 Pro,"₹45,990",76,No Sim Supported,"Wi-Fi, NFC","Dimensity 9400, Octa Core, 3.63 GHz Processor","8 GB RAM, 128 GB inbuilt",12000 mAh Battery with 66W Fast Charging,"12.95 inches, 2064 x 3096 px, 144 Hz Display",13 MP Rear & 8 MP Front Camera,Android v14
118,Oppo Pad 3 Ultra,"₹49,990",67,No Sim Supported,Wi-Fi,Octa Core Processor,"8 GB RAM, 256 GB inbuilt",10500 mAh Battery with 80W Fast Charging,"12.9 inches, 2120 x 3000 px, 144 Hz Display",13 MP Rear & 8 MP Front Camera,Android v15
119,Oppo Pad 3 Mini,"₹19,990",58,"VoLTE, Wi-Fi",No 3G,"Dimensity, Octa Core Processor","8 GB RAM, 128 GB inbuilt",8750 mAh Battery with 33W Fast Charging,"8.7 inches, 1200 x 1920 px, 90 Hz Display",8 MP Rear & 8 MP Front Camera,Android v15
120,Honor Pad V9,"₹22,990",71,No Sim Supported,Wi-Fi,"Dimensity 8350, Octa Core, 3.35 GHz Processor","8 GB RAM, 128 GB inbuilt",10100 mAh Battery with 66W Fast Charging,"11.5 inches, 2800 x 1840 px, 144 Hz Display",13 MP Rear & 8 MP Front Camera,Android v15
121,Huawei MatePad Pro 13.2 2025,"₹59,990",70,No Sim Supported,Wi-Fi,"12 GB RAM, 256 GB inbuilt",10100 mAh Battery with 100W Fast Charging,"13.2 inches, 2880 x 1920 px, 144 Hz Display",50 MP + 8 MP Dual Rear & 16 MP Front Camera,Harmony OS v4.3,No FM Radio
122,OnePlus Pad 2 Pro,"₹37,990",77,No Sim Supported,Wi-Fi,"Snapdragon 8 Elite, Octa Core, 4.32 GHz Processor","8 GB RAM, 256 GB inbuilt",12140 mAh Battery with 67W Fast Charging,"13.2 inches, 2400 x 3392 px, 144 Hz Display",13 MP Rear & 8 MP Front Camera,Android v15
123,Tecno MegaPad 11 Tablet,"₹14,990",73,Single Sim,"3G, 4G, Wi-Fi","Helio G99, Octa Core, 2.2 GHz Processor","8 GB RAM, 128 GB inbuilt",8000 mAh Battery with 18W Fast Charging,"11 inches, 1200 x 1920 px, 90 Hz Display",13 MP Rear & 8 MP Front Camera,Memory Card Supported
124,Lenovo Legion Y700 (2025),"₹54,990",79,No Sim Supported,Wi-Fi,"Snapdragon 8 Gen3, Octa Core, 3.3 GHz Processor","12 GB RAM, 256 GB inbuilt",6550 mAh Battery with 68W Fast Charging,"8.8 inches, 1600 x 2560 px, 165 Hz Display",13 MP + 2 MP Dual Rear & 8 MP Front Camera,Memory Card Supported
125,Honor Tablet GT Pro,"₹28,990",72,No Sim Supported,Wi-Fi,"Snapdragon 8s Gen3, Octa Core, 3 GHz Processor","8 GB RAM, 128 GB inbuilt",10050 mAh Battery with 66W Fast Charging,"12.3 inches, 1920 x 3000 px, 144 Hz Display",13 MP Rear & 9 MP Front Camera,Memory Card Not Supported
126,Lenovo Legion Y700 2024 Gaming Tablet,"₹34,990",79,Single Sim,"VoLTE, Wi-Fi","Snapdragon 8 Gen3, Octa Core, 3.3 GHz Processor","12 GB RAM, 256 GB inbuilt",6550 mAh Battery with 45W Fast Charging,"8.8 inches, 1600 x 2560 px, 165 Hz Display",13 MP + 2 MP Dual Rear & 8 MP Front Camera,Memory Card Supported
127,Samsung Galaxy Tab S10 Plus (Wi-Fi+12GB RAM + 256GB),"₹89,999",,No Sim Supported,Wi-Fi,"Dimensity 9300 Plus, Octa Core, 3.25 GHz Processor","12 GB RAM, 256 GB inbuilt",10090 mAh Battery with 45W Fast Charging,"12.4 inches, 1752 x 2800 px, 120 Hz Display",13 MP + 8 MP Dual Rear & 12 MP Front Camera,"Memory Card Supported, upto 1.5 TB"
128,Acer Iconia X12 Tablet,"₹28,990",71,Wi-Fi,"Helio G99, Octa Core, 2.2 GHz Processor","8 GB RAM, 256 GB inbuilt",10000 mAh Battery with 30W Fast Charging,"12.6 inches, 2560 x 1600 px Display",13 MP Rear & 8 MP Front Camera,Android v14,No FM Radio
129,Oppo Pad 3 Pro,"₹39,990",79,No Sim Supported,Wi-Fi,"Snapdragon 8 Gen3, Octa Core, 3.3 GHz Processor","8 GB RAM, 256 GB inbuilt",9510 mAh Battery with 67W Fast Charging,"12.1 inches, 2120 x 3000 px, 144 Hz Display",13 MP Rear & 8 MP Front Camera,Android v14
130,Realme Pad 3 Tablet,"₹22,990",69,Single Sim,"3G, 4G, VoLTE, Wi-Fi",Octa Core Processor,"8 GB RAM, 128 GB inbuilt",10000 mAh Battery with 44W Fast Charging,"11.5 inches, 1800 x 3200 px, 120 Hz Display",8 MP Rear & 8 MP Front Camera,"Memory Card Supported, upto 1 TB"
131,Lenovo Tab K11 (Wi-Fi Only),"₹17,999",69,No Sim Supported,Wi-Fi,"Helio G88, Octa Core, 2 GHz Processor","8 GB RAM, 128 GB inbuilt",7040 mAh Battery with 15W Fast Charging,"10.95 inches, 1200 x 1920 px, 90 Hz Display",13 MP Rear & 8 MP Front Camera,"Memory Card Supported, upto 1 TB"
132,Honor Pad X9 (8GB RAM + 128GB),"₹14,712",72,Wi-Fi,"Snapdragon 685, Octa Core, 2.8 GHz Processor","8 GB RAM, 128 GB inbuilt",7250 mAh Battery with Fast Charging,"11.5 inches, 1200 x 2000 px Display",5 MP Rear & 5 MP Front Camera,"Memory Card Supported, upto 1 TB",Android v13
133,OnePlus Pad Pro Tablet,"₹33,999",77,No Sim Supported,"Wi-Fi, NFC","Snapdragon 8 Gen3, Octa Core, 3.3 GHz Processor","8 GB RAM, 128 GB inbuilt",9510 mAh Battery with 67W Fast Charging,"12.1 inches, 2120 x 3000 px, 144 Hz Display",13 MP Rear & 8 MP Front Camera,Android v14
134,Huawei MatePad 11.5 S,"₹29,999",63,No Sim Supported,Wi-Fi,Octa Core Processor,"8 GB RAM, 256 GB inbuilt",8800 mAh Battery with 22.5W Fast Charging,"11.5 inches, 1840 x 2800 px, 144 Hz Display",13 MP Rear & 8 MP Front Camera,HarmonyOS v4.2
135,Apple iPad Air 13 2024 Tablet 5G (1TB),"₹1,15,020",77,Single Sim,"3G, 4G, 5G, Wi-Fi","Apple M2, Octa Core Processor","8 GB RAM, 1 TB inbuilt",9889 mAh Battery with Fast Charging,"13 inches, 2048 x 2732 px Display",12 MP Rear & 12 MP Front Camera,iPadOS v17.4
136,Apple iPad Air 2024 11 inch Tablet 5G (1TB),"₹1,03,999",78,Single Sim,"3G, 4G, 5G, VoLTE, Wi-Fi","Apple M2, Octa Core Processor","8 GB RAM, 1 TB inbuilt",7819 mAh Battery with Fast Charging,"11 inches, 1640 x 2360 px Display",12 MP Rear & 12 MP Front Camera,iPadOS v17.4
137,Apple iPad Pro 13 2024 Tablet (Wi-Fi + 1TB + Nano Texture Glass),"₹1,99,900",73,No Sim Supported,Wi-Fi,"Apple M4, Deca Core Processor","16 GB RAM, 1 TB inbuilt",10538 mAh Battery with Fast Charging,"13 inches, 2064 x 2752 px, 120 Hz Display",12 MP Rear & 12 MP Front Camera,iPadOS v17.4
138,Apple iPad Pro 11 inch Tablet 5G (1TB + Standard Glass),"₹1,79,900",,Single Sim,"3G, 4G, 5G, Wi-Fi","Apple M4, Deca Core Processor","16 GB RAM, 1 TB inbuilt",8457 mAh Battery with Fast Charging,"11 inches, 1668 x 2420 px, 120 Hz Display",12 MP Rear & 12 MP Front Camera,ipad OS v17.4
139,Apple iPad Pro 13 2024 Tablet (Wi-Fi + 256GB),"₹1,24,490",70,No Sim Supported,Wi-Fi,"Apple M4, Nine Core Processor","8 GB RAM, 256 GB inbuilt",10538 mAh Battery with Fast Charging,"13 inches, 2064 x 2752 px, 120 Hz Display",12 MP Rear & 12 MP Front Camera,iPadOS v17.4
140,Apple iPad Pro 13 2024 Tablet (Wi-Fi + 512GB),"₹1,43,990",71,No Sim Supported,Wi-Fi,"Apple M4, Nine Core Processor","8 GB RAM, 512 GB inbuilt",10538 mAh Battery with Fast Charging,"13 inches, 2064 x 2752 px, 120 Hz Display",12 MP Rear & 12 MP Front Camera,iPadOS v17.4
141,Apple iPad Air 13 2024 Tablet 5G,"₹79,994",75,Single Sim,"3G, 4G, 5G, Wi-Fi","Apple M2, Octa Core Processor","8 GB RAM, 128 GB inbuilt",9889 mAh Battery with Fast Charging,"13 inches, 2048 x 2732 px Display",12 MP Rear & 12 MP Front Camera,iPadOS v17.4
142,Apple iPad Air 13 2024 Tablet (512GB + Wi-FI),"₹90,261",69,No Sim Supported,Wi-Fi,"Apple M2, Octa Core Processor","8 GB RAM, 512 GB inbuilt",9889 mAh Battery with Fast Charging,"13 inches, 2048 x 2732 px Display",12 MP Rear & 12 MP Front Camera,iPadOS v17.4
143,Apple iPad Pro 13 2024 Tablet (Wi-Fi + 1TB + Standard Glass),"₹1,89,900",73,No Sim Supported,Wi-Fi,"Apple M4, Deca Core Processor","16 GB RAM, 1 TB inbuilt",10538 mAh Battery with Fast Charging,"13 inches, 2064 x 2752 px, 120 Hz Display",12 MP Rear & 12 MP Front Camera,iPadOS v17.4
144,Apple iPad Air 13 2024 Tablet (256GB + Wi-FI),"₹73,999",69,No Sim Supported,Wi-Fi,"Apple M2, Octa Core Processor","8 GB RAM, 256 GB inbuilt",9889 mAh Battery with Fast Charging,"13 inches, 2048 x 2732 px Display",12 MP Rear & 12 MP Front Camera,iPadOS v17.4
145,Lenovo Tab P13 Pro,"₹69,990",,Single Sim,"3G, 4G, 5G, VoLTE, Wi-Fi, NFC","Snapdragon 8 Gen1, Octa Core, 3 GHz Processor","12 GB RAM, 256 GB inbuilt",11800 mAh Battery with 65W Fast Charging,"12.8 inches, 1600 x 2560 px, 144 Hz Display",50 MP + 5 MP Dual Rear & 16 MP Dual Front Camera,"Memory Card Supported, upto 1 TB"
146,Oppo Pad 3 Tablet,"₹27,990",77,"VoLTE, Wi-Fi",No 3G,"Dimensity 8350, Octa Core, 3.35 GHz Processor","8 GB RAM, 128 GB inbuilt",9520 mAh Battery with 67W Fast Charging,"11.61 inches, 2000 x 2800 px, 120 Hz Display",8 MP Rear & 8 MP Front Camera,Android v15
147,Apple iPad Pro 13 2024 Tablet 5G,"₹1,49,900",78,Single Sim,"3G, 4G, 5G, Wi-Fi","Apple M4, Nine Core Processor","8 GB RAM, 256 GB inbuilt",10538 mAh Battery with Fast Charging,"13 inches, 2064 x 2752 px, 120 Hz Display",12 MP Rear & 12 MP Front Camera,iPadOS v17.4
148,Honor Pad 9 Pro,"₹26,990",74,No Sim Supported,Wi-Fi,"Dimensity 8100, Octa Core, 2.85 GHz Processor","12 GB RAM, 256 GB inbuilt",10050 mAh Battery with 35W Fast Charging,"12.1 inches, 1600 x 2560 px, 144 Hz Display",13 MP Rear & 5 MP Front Camera,Android v14
149,iQOO Pad 3,"₹39,990",68,No Sim Supported,"Wi-Fi, NFC","Dimensity 9400, Octa Core Processor","12 GB RAM, 256 GB inbuilt",12500 mAh Battery with 67W Fast Charging,"13.1 inches, 1968 x 2800 px, 144 Hz Display",50 MP + 8 MP Dual Rear & 16 MP Front Camera,Android v14
150,Poco Pad Tablet,"₹24,990",72,No Sim Supported,Wi-Fi,"Snapdragon 7s Gen2, Octa Core, 2.4 GHz Processor","8 GB RAM, 256 GB inbuilt",10000 mAh Battery with 33W Fast Charging,"12.1 inches, 1600 x 2560 px, 120 Hz Display",8 MP Rear & 8 MP Front Camera,Memory Card Supported
151,iQOO Pad 2 Pro,"₹39,990",77,No Sim Supported,"Wi-Fi, NFC","Dimensity 9300 Plus, Octa Core, 3.25 GHz Processor","8 GB RAM, 256 GB inbuilt",11500 mAh Battery with 66W Fast Charging,"13 inches, 2064 x 3096 px, 144 Hz Display",13 MP Rear & 8 MP Front Camera,Android v14
152,HMD T21 Tablet,"₹15,499",78,Dual Sim,"3G, 4G, VoLTE, Wi-Fi, NFC","Unisoc T612, Octa Core, 1.8 GHz Processor","8 GB RAM, 128 GB inbuilt",8200 mAh Battery with 18W Fast Charging,"10.36 inches, 1200 x 2000 px Display",8 MP Rear & 8 MP Front Camera,"Memory Card (Hybrid), upto 512 GB"
153,Samsung Galaxy Tab S10 Tablet,"₹89,999",,Single Sim,"3G, 4G, 5G, VoLTE, Wi-Fi","Dimensity 9300 Plus, Octa Core Processor","8 GB RAM, 128 GB inbuilt",9400 mAh Battery with 45W Fast Charging,"11.5 inches, 1600 x 2560 px, 120 Hz Display",16 MP Rear & 12 MP Front Camera,"Memory Card Supported, upto 1 TB"
154,iQOO Pad 2,"₹29,990",74,No Sim Supported,"Wi-Fi, NFC","Snapdragon 8s Gen3, Octa Core, 3 GHz Processor","8 GB RAM, 128 GB inbuilt",10000 mAh Battery with 44W Fast Charging,"12.05 inches, 1968 x 2800 px, 144 Hz Display",8 MP Rear & 5 MP Front Camera,Android v14
155,Xiaomi Pad 6S Pro,"₹49,990",,No Sim Supported,"Wi-Fi, NFC","Snapdragon 8 Gen2, Octa Core, 3.2 GHz Processor","8 GB RAM, 256 GB inbuilt",10000 mAh Battery with 120W Fast Charging,"12.4 inches, 2032 x 3048 px, 144 Hz Display",50 MP + 2 MP Dual Rear & 32 MP Front Camera,Android v14
156,Google Pixel Tablet 2,"₹79,990",77,Wi-Fi,No 3G,"Tensor G3, Octa Core, 3 GHz Processor","8 GB RAM, 128 GB inbuilt","11.95 inches, 1600 x 2760 px, 90 Hz Display",12 MP Rear & 12 MP Front Camera,Android v14,No FM Radio
157,Lenovo Tab K11,"₹15,999",75,Single Sim,"3G, 4G, Wi-Fi","Helio G88, Octa Core, 2 GHz Processor","8 GB RAM, 128 GB inbuilt",7040 mAh Battery with 15W Fast Charging,"10.95 inches, 1200 x 1920 px, 90 Hz Display",13 MP Rear & 8 MP Front Camera,"Memory Card Supported, upto 1 TB"
158,iQOO Pad Air,"₹20,990",73,"Wi-Fi, NFC","Snapdragon 870, Octa Core, 3.2 GHz Processor","8 GB RAM, 256 GB inbuilt",8500 mAh Battery with 44W Fast Charging,"11.5 inches, 1840 x 2800 px, 144 Hz Display",8 MP Rear & 5 MP Front Camera,Android v13,No FM Radio
159,Vivo Pad 3,"₹28,990",72,No Sim Supported,Wi-Fi,"Snapdragon 8s Gen3, Octa Core, 3 GHz Processor","8 GB RAM, 128 GB inbuilt",10000 mAh Battery with 44W Fast Charging,"12.1 inches, 1968 x 2800 px, 144 Hz Display",8 MP Rear & 5 MP Front Camera,Android v14
160,Blackview Tab 18,"₹19,990",78,Dual Sim,"3G, 4G, Wi-Fi","Helio G99, Octa Core, 2.2 GHz Processor","12 GB RAM, 256 GB inbuilt",8800 mAh Battery with 33W Fast Charging,"12 inches, 1200 x 2000 px Display",16 MP Rear & 8 MP Front Camera,Memory Card (Hybrid)
161,Teclast T45HD Tablet,"₹19,999",78,Dual Sim,"3G, 4G, VoLTE, Wi-Fi","Unisoc T606, Octa Core, 2 GHz Processor","8 GB RAM, 128 GB inbuilt",7200 mAh Battery,"10.51 inches, 1200 x 1920 px Display",13 MP + 13 MP Dual Rear & 8 MP Front Camera,"Memory Card (Hybrid), upto 1 TB"
162,Apple iPad Air 11 2024 Tablet 5G,"₹74,900",75,Single Sim,"3G, 4G, 5G, VoLTE, Wi-Fi","Apple M2, Octa Core Processor","8 GB RAM, 128 GB inbuilt",7819 mAh Battery with Fast Charging,"11 inches, 1640 x 2360 px Display",12 MP Rear & 12 MP Front Camera,iPadOS v17.4
163,Samsung Galaxy Tab S9 FE (Wi-Fi Only + 8GB RAM + 256GB),"₹41,999",77,Wi-Fi,"Exynos 1380, Octa Core, 2.4 GHz Processor","8 GB RAM, 256 GB inbuilt",8000 mAh Battery with 45W Fast Charging,"10.9 inches, 1440 x 2304 px, 90 Hz Display",8 MP Rear & 12 MP Front Camera,"Memory Card Supported, upto 1 TB",Android v13
164,Lenovo Tab P12 (8GB RAM+128GB),"₹24,750",74,Wi-Fi,"Dimensity 7050, Octa Core, 2 GHz Processor","8 GB RAM, 128 GB inbuilt",10200 mAh Battery with 30W Fast Charging,"12.7 inches, 2944 x 1840 px Display",13 MP Rear & 8 MP Front Camera,"Memory Card Supported, upto 1 TB",Android v13
165,Huawei MatePad Pro 13.2,"₹59,990",78,Wi-Fi,"Kirin 9000S, Octa Core, 2.62 GHz Processor","12 GB RAM, 512 GB inbuilt",10100 mAh Battery with 88W Fast Charging,"13.2 inches, 2880 x 1920 px, 144 Hz Display",50 MP + 8 MP Dual Rear & 16 MP Front Camera,Harmony OS v4.0,No FM Radio
166,Huawei MatePad 11.5 PaperMatte Edition Tablet,"₹40,999",72,Wi-Fi,No 3G,"Snapdragon 7 Gen1, Octa Core, 2.4 GHz Processor","8 GB RAM, 256 GB inbuilt",7700 mAh Battery with Fast Charging,"11.5 inches, 1440 x 2200 px, 120 Hz Display",13 MP Rear & 8 MP Front Camera,Harmony OS v3.1
167,Xiaomi Pad 6 Max 14 Tablet,"₹43,999",78,Wi-Fi,No 3G,"Snapdragon 8+ Gen1, Octa Core, 3.2 GHz Processor","8 GB RAM, 256 GB inbuilt",10000 mAh Battery with 67W Fast Charging,"14 inches, 1800 x 2880 px, 120 Hz Display",50 MP + Depth Sensor Dual Rear & 20 MP Front Camera,Android v13
168,Oukitel RT7 Titan Tablet,"₹79,999",,"3G, 4G, 5G, Wi-Fi","Dimensity 720 5G, Octa Core, 2 GHz Processor","12 GB RAM, 256 GB inbuilt",32000 mAh Battery with 33W Fast Charging,"10.1 inches, 1920 x 1200 px Display",48 MP + 20 MP + 2 MP Triple Rear & 32 MP Front Camera,Memory Card Supported,Android v13
169,Samsung Galaxy Tab S9 Tablet (Wi-Fi+12GB+256GB),"₹83,999",,Wi-Fi,"Snapdragon 8 Gen2, Octa Core, 3.2 GHz Processor","12 GB RAM, 256 GB inbuilt",8400 mAh Battery with 45W Fast Charging,"11 inches, 1600 x 2560 px, 120 Hz Display",13 MP Rear & 12 MP Front Camera,"Memory Card Supported, upto 1 TB",Android v13
170,Samsung Galaxy Tab S9 Ultra 2023 Tablet (Wi-Fi+12GB+256GB),"₹1,08,999",,Wi-Fi,"Snapdragon 8 Gen2, Octa Core, 3.2 GHz Processor","12 GB RAM, 256 GB inbuilt",11200 mAh Battery with 45W Fast Charging,"14.6 inches, 1848 x 2960 px, 120 Hz Display",13 MP + 8 MP Dual Rear & 12 MP + 12 MP Dual Front Camera,"Memory Card Supported, upto 1 TB",Android v13
171,Xiaomi Pad 6 Max Tablet,"₹32,999",76,Wi-Fi,No 3G,"Snapdragon 8+ Gen1, Octa Core, 3.2 GHz Processor","8 GB RAM, 256 GB inbuilt",10000 mAh Battery with 67W Fast Charging,"14 inches, 1800 x 2880 px, 120 Hz Display",50 MP + Depth Sensor Dual Rear & 20 MP Front Camera,Android v13
172,Samsung Galaxy Tab S9 Ultra Tablet,"₹1,22,999",,Single Sim,"3G, 4G, 5G, VoLTE, Wi-Fi","Snapdragon 8 Gen2, Octa Core, 3.2 GHz Processor","12 GB RAM, 256 GB inbuilt",11200 mAh Battery with 45W Fast Charging,"14.6 inches, 1848 x 2960 px, 120 Hz Display",13 MP + 8 MP Dual Rear & 12 MP + 12 MP Dual Front Camera,"Memory Card Supported, upto 1 TB"
173,Cube X Pad Tablet,"₹24,990",,Single Sim,"3G, 4G, 5G, VoLTE, Wi-Fi","Dimensity 900, Octa Core, 2.4 GHz Processor","8 GB RAM, 256 GB inbuilt",8040 mAh Battery with 25W Fast Charging,"10.58 inches, 1200 x 2000 px, 120 Hz Display",13 MP Rear & 5 MP Front Camera,"Memory Card Supported, upto 1 TB"
174,Samsung Galaxy Tab S9 Tablet,"₹72,999",,Single Sim,"3G, 4G, 5G, VoLTE, Wi-Fi","Snapdragon 8 Gen2, Octa Core, 3.2 GHz Processor","8 GB RAM, 128 GB inbuilt",8400 mAh Battery with 45W Fast Charging,"11 inches, 1600 x 2560 px, 120 Hz Display",13 MP Rear & 12 MP Front Camera,"Memory Card Supported, upto 1 TB"
175,HTC A102 Tablet,"₹14,990",79,Dual Sim,"3G, 4G, VoLTE, Wi-Fi","Helio MT6769, Octa Core, 2 GHz Processor","8 GB RAM, 128 GB inbuilt",8000 mAh Battery with 18W Fast Charging,"11 inches, 1200 x 2000 px Display",20 MP Rear & 8 MP Front Camera,"Memory Card Supported, upto 256 GB"
176,Samsung Galaxy Tab S8 Ultra Tablet (WiFi + 128GB),"₹69,999",,Wi-Fi,No 3G,"Snapdragon 8 Gen1, Octa Core, 3 GHz Processor","8 GB RAM, 128 GB inbuilt",11200 mAh Battery with 45W Fast Charging,"14.6 inches, 1848 x 2960 px, 120 Hz Display",13 MP + 6 MP Dual Rear & 12 MP + 12 MP Dual Front Camera,"Memory Card Supported, upto 1 TB"
177,Apple iPad Pro 12.9 2022 Tablet (2TB),"₹2,34,900",,Single Sim,"3G, 4G, 5G, VoLTE, Wi-Fi","Apple M2, Octa Core Processor","16 GB RAM, 2 TB inbuilt",10758 mAh Battery with 18W Fast Charging,"12.9 inches, 2048 x 2732 px Display",12 MP + 10 MP + Depth Sensor Triple Rear & 12 MP Front Camera,iPadOS v16
178,Apple iPad Pro 11 2022 Tablet (2TB),"₹1,53,290",,Single Sim,"3G, 4G, 5G, VoLTE, Wi-Fi","Apple M2, Octa Core Processor","16 GB RAM, 2 TB inbuilt",7538 mAh Battery with 18W Fast Charging,"11 inches, 1668 x 2388 px Display",12 MP + 10 MP + Depth Sensor Triple Rear & 12 MP Front Camera,iPadOS v16
179,Apple iPad Pro 11 2022 Tablet (Wi-Fi + 1TB),"₹1,49,900",73,Wi-Fi,No 3G,"Apple M2, Octa Core Processor","16 GB RAM, 1 TB inbuilt",7538 mAh Battery with 18W Fast Charging,"11 inches, 1668 x 2388 px Display",12 MP + 10 MP + Depth Sensor Triple Rear & 12 MP Front Camera,iPadOS v16
180,Apple iPad Pro 11 inch 2024 Tablet 5G,"₹1,19,900",77,Single Sim,"3G, 4G, 5G, Wi-Fi","Apple M4, Nine Core Processor","8 GB RAM, 256 GB inbuilt",8457 mAh Battery with Fast Charging,"11 inches, 1668 x 2420 px, 120 Hz Display",12 MP Rear & 12 MP Front Camera,ipad OS v17.4
181,Google Pixel Tablet,"₹47,490",75,Wi-Fi,No 3G,"Tensor G2, Octa Core, 2.85 GHz Processor","8 GB RAM, 128 GB inbuilt",7020 mAh Battery with 15W Fast Charging,"10.95 inches, 1600 x 2560 px, 90 Hz Display",8 MP Rear & 8 MP Front Camera,Android v13
182,Apple iPad Pro 12.9 2021 Tablet (1TB),"₹1,76,900",,Single Sim,"3G, 4G, 5G, VoLTE, Wi-Fi","Apple M1, Octa Core Processor","16 GB RAM, 1 TB inbuilt","12.9 inches, 2048 x 2732 px Display",12 MP + 10 MP + Depth Sensor Triple Rear & 12 MP Front Camera,iOS v14.5,No FM Radio
183,Huawei MatePad Pro 2 5G,"₹49,990",77,Single Sim,"3G, 4G, 5G, VoLTE, Wi-Fi",Kirin 9000,"8 GB RAM, 128 GB inbuilt",7250 mAh Battery with 40W Fast Charging,"12.6 inches, 2560 x 1600 px, 120 Hz Display with Punch Hole",13 MP Rear & 8 MP Front Camera,"Memory Card Supported, upto 256 GB"
184,Samsung Galaxy Tab S8 Plus 5G Tablet,"₹99,999",,Single Sim,"3G, 4G, 5G, VoLTE, Wi-Fi","Snapdragon 8 Gen1, Octa Core, 3 GHz Processor","8 GB RAM, 128 GB inbuilt",10090 mAh Battery with 45W Fast Charging,"12.4 inches, 1752 x 2800 px, 120 Hz Display",13 MP + 6 MP Dual Rear & 12 MP Front Camera,"Memory Card Supported, upto 1 TB"
185,IQOO Pad 5,"₹27,990",73,No Sim Supported,Wi-Fi,"Dimensity 9300 Plus, Octa Core, 3.25 GHz Processor","8 GB RAM, 128 GB inbuilt",10000 mAh Battery with 44W Fast Charging,"12.1 inches, 1968 x 2800 px, 144 Hz Display",8 MP Rear & 5 MP Front Camera,Android v15
186,Blackview Mega 8,"₹21,990",79,Dual Sim,"3G, 4G, Wi-Fi","Unisoc T620, Octa Core, 2.2 GHz Processor","12 GB RAM, 256 GB inbuilt",11000 mAh Battery with 18W Fast Charging,"13 inches, 1200 x 1920 px Display",50 MP Rear & 13 MP Front Camera,Memory Card Supported
187,Apple iPad Air 11 2025 Tablet (256GB + 5G),"₹82,345",74,Single Sim,"3G, 4G, 5G, Wi-Fi","Apple M3, Octa Core Processor","8 GB RAM, 256 GB inbuilt",7819 mAh Battery with Fast Charging,"11 inches, 1640 x 2360 px Display",12 MP Rear & 12 MP Front Camera,iPadOS v18.3.1
188,Apple iPad Air 11 2025 Tablet (512GB + 5G),"₹1,01,743",75,Single Sim,"3G, 4G, 5G, Wi-Fi","Apple M3, Octa Core Processor","8 GB RAM, 512 GB inbuilt",7819 mAh Battery with Fast Charging,"11 inches, 1640 x 2360 px Display",12 MP Rear & 12 MP Front Camera,iPadOS v18.3.1
189,Apple iPad Air 13 2025 Tablet (5G + 512GB),"₹1,24,900",75,Single Sim,"3G, 4G, 5G, Wi-Fi","Apple M3, Octa Core Processor","8 GB RAM, 512 GB inbuilt",9889 mAh Battery,"13 inches, 2048 x 2732 px Display",12 MP Rear & 12 MP Front Camera,iOS v18.3.1
190,Wishtel IRA Duo Pro 5G Tablet,"₹29,189",,Dual Sim,"3G, 4G, 5G, VoLTE, Wi-Fi","Octa Core, 2 GHz Processor","8 GB RAM, 128 GB inbuilt",8000 mAh Battery,"12 inches, 2000 x 1200 px Display",13 MP Rear & 8 MP Front Camera,"Memory Card (Hybrid), upto 1 TB"
191,Lenovo Yoga Pad Pro AI 2024,"₹55,990",77,Wi-Fi,No 3G,"Snapdragon 8 Gen3, Octa Core, 3.3 GHz Processor","16 GB RAM, 512 GB inbuilt",10200 mAh Battery with 68W Fast Charging,"12.7 inches, 1840 x 2944 px, 144 Hz Display",Wide Angle Rear & Wide Angle Front Camera,Android v14
192,Google Pixel Tablet 3,"₹99,990",70,Wi-Fi,No 3G,"Tensor G4, Octa Core, 3.1 GHz Processor","8 GB RAM, 256 GB inbuilt","12.1 inches, 1600 x 2760 px, 120 Hz Display",12 MP Rear & 12 MP Front Camera,Android v14,No FM Radio
193,Acer Iconia iM10-22 Tablet (8 GB RAM + 256 GB),"₹18,999",73,Dual Sim,"3G, 4G, Wi-Fi","Helio G99, Octa Core, 2.2 GHz Processor","8 GB RAM, 256 GB inbuilt",7100 mAh Battery,"10.36 inches, 2000 x 1200 px Display",16 MP Rear & 8 MP Front Camera,"Memory Card (Hybrid), upto 1 TB"
194,Doogee T40 Pro Tablet,"₹32,990",76,Dual Sim,"3G, 4G, VoLTE, Wi-Fi","Helio G100, Octa Core Processor","8 GB RAM, 256 GB inbuilt",9250 mAh Battery with 33W Fast Charging,"12.5 inches, 1600 x 3200 px, 120 Hz Display",50 MP Rear & 8 MP Front Camera,"Memory Card (Hybrid), upto 2 TB"
195,Huawei MatePad 12 X,"₹79,990",68,No Sim Supported,Wi-Fi,"Kirin T90A, Octa Core Processor","8 GB RAM, 256 GB inbuilt",10100 mAh Battery with 66W Fast Charging,"12 inches, 2800 x 1840 px, 144 Hz Display",13 MP + 8 MP Dual Rear & 8 MP Front Camera,HarmonyOS v4.2
196,Huawei MatePad Air Tablet 2024,"₹33,999",70,Single Sim,"3G, 4G, Wi-Fi","​Kirin, Octa Core Processor","8 GB RAM, 256 GB inbuilt",10100 mAh Battery with 66W Fast Charging,"12 inches, 2800 x 1840 px, 144 Hz Display",13 MP + 8 MP Dual Rear & 8 MP Front Camera,HarmonyOS v3.1
197,Wishtel IRA T1029 Tablet,"₹25,759",77,Dual Sim,"3G, 4G, VoLTE, Wi-Fi","Octa Core, 2 GHz Processor","8 GB RAM, 256 GB inbuilt",8000 mAh Battery,"12 inches, 2000 x 1200 px Display",13 MP Rear & 5 MP Front Camera,"Memory Card Supported, upto 1 TB"
198,Apple iPad Pro 11 inch Tablet (Wi-Fi + 2TB + Nano Texture Glass),"₹2,09,900",73,No Sim Supported,Wi-Fi,"Apple M4, Deca Core Processor","16 GB RAM, 2 TB inbuilt",8457 mAh Battery with Fast Charging,"11 inches, 1668 x 2420 px, 120 Hz Display",12 MP Rear & 12 MP Front Camera,ipad OS v17.4
199,Apple iPad Pro 11 inch Tablet 5G (2TB + Nano Texture Glass),"₹2,23,003",,Single Sim,"3G, 4G, 5G, Wi-Fi","Apple M4, Deca Core Processor","16 GB RAM, 2 TB inbuilt",8457 mAh Battery with Fast Charging,"11 inches, 1668 x 2420 px, 120 Hz Display",12 MP Rear & 12 MP Front Camera,ipad OS v17.4
200,Apple iPad Pro 13 2024 Tablet (Wi-Fi + 2TB + Standard Glass),"₹2,29,900",74,No Sim Supported,Wi-Fi,"Apple M4, Deca Core Processor","16 GB RAM, 2 TB inbuilt",10538 mAh Battery with Fast Charging,"13 inches, 2064 x 2752 px, 120 Hz Display",12 MP Rear & 12 MP Front Camera,iPadOS v17.4
201,Apple iPad Pro 13 2024 Tablet (Wi-Fi + 2TB + Nano Texture Glass),"₹2,39,900",74,No Sim Supported,Wi-Fi,"Apple M4, Deca Core Processor","16 GB RAM, 2 TB inbuilt",10538 mAh Battery with Fast Charging,"13 inches, 2064 x 2752 px, 120 Hz Display",12 MP Rear & 12 MP Front Camera,iPadOS v17.4
202,Apple iPad Pro 11 inch Tablet 5G (1TB + Nano Texture Glass),"₹1,89,900",,Single Sim,"3G, 4G, 5G, Wi-Fi","Apple M4, Deca Core Processor","16 GB RAM, 1 TB inbuilt",8457 mAh Battery with Fast Charging,"11 inches, 1668 x 2420 px, 120 Hz Display",12 MP Rear & 12 MP Front Camera,ipad OS v17.4
203,Apple iPad Pro 13 2024 Tablet 5G (1TB + Nano Texture Glass),"₹2,19,900",,Single Sim,"3G, 4G, 5G, Wi-Fi","Apple M4, Deca Core Processor","16 GB RAM, 1 TB inbuilt",10538 mAh Battery with Fast Charging,"13 inches, 2064 x 2752 px, 120 Hz Display",12 MP Rear & 12 MP Front Camera,iPadOS v17.4
204,Apple iPad Pro 11 inch Tablet (Wi-Fi + 1TB + Nano Texture Glass),"₹1,69,900",73,No Sim Supported,Wi-Fi,"Apple M4, Deca Core Processor","16 GB RAM, 1 TB inbuilt",8457 mAh Battery with Fast Charging,"11 inches, 1668 x 2420 px, 120 Hz Display",12 MP Rear & 12 MP Front Camera,ipad OS v17.4
205,Apple iPad Air 2024 11 inch Tablet (1TB + Wi-Fi ),"₹86,503",69,No Sim Supported,Wi-Fi,"Apple M2, Octa Core Processor","8 GB RAM, 1 TB inbuilt",7819 mAh Battery with Fast Charging,"11 inches, 1640 x 2360 px Display",12 MP Rear & 12 MP Front Camera,iPadOS v17.4
206,Apple iPad Pro 13 2024 Tablet 5G (2TB + Standard Glass),"₹2,49,900",,Single Sim,"3G, 4G, 5G, Wi-Fi","Apple M4, Deca Core Processor","16 GB RAM, 2 TB inbuilt",10538 mAh Battery with Fast Charging,"13 inches, 2064 x 2752 px, 120 Hz Display",12 MP Rear & 12 MP Front Camera,iPadOS v17.4
207,Apple iPad Pro 11 inch Tablet 5G (2TB + Standard Glass),"₹2,19,900",,Single Sim,"3G, 4G, 5G, Wi-Fi","Apple M4, Deca Core Processor","16 GB RAM, 2 TB inbuilt",8457 mAh Battery with Fast Charging,"11 inches, 1668 x 2420 px, 120 Hz Display",12 MP Rear & 12 MP Front Camera,ipad OS v17.4
208,Apple iPad Air 2024 11 inch Tablet (512GB + Wi-Fi ),"₹72,937",68,No Sim Supported,Wi-Fi,"Apple M2, Octa Core Processor","8 GB RAM, 512 GB inbuilt",7819 mAh Battery with Fast Charging,"11 inches, 1640 x 2360 px Display",12 MP Rear & 12 MP Front Camera,iPadOS v17.4
209,Apple iPad Pro 13 2024 Tablet 5G (1TB + Standard Glass),"₹2,09,900",,Single Sim,"3G, 4G, 5G, Wi-Fi","Apple M4, Deca Core Processor","16 GB RAM, 1 TB inbuilt",10538 mAh Battery with Fast Charging,"13 inches, 2064 x 2752 px, 120 Hz Display",12 MP Rear & 12 MP Front Camera,iPadOS v17.4
210,Apple iPad Air 2024 11 inch Tablet 5G (256GB),"₹84,900",76,Single Sim,"3G, 4G, 5G, VoLTE, Wi-Fi","Apple M2, Octa Core Processor","8 GB RAM, 256 GB inbuilt",7819 mAh Battery with Fast Charging,"11 inches, 1640 x 2360 px Display",12 MP Rear & 12 MP Front Camera,iPadOS v17.4
211,Apple iPad Air 13 2024 Tablet (128GB + Wi-FI),"₹79,900",68,No Sim Supported,Wi-Fi,"Apple M2, Octa Core Processor","8 GB RAM, 128 GB inbuilt",9889 mAh Battery with Fast Charging,"13 inches, 2048 x 2732 px Display",12 MP Rear & 12 MP Front Camera,iPadOS v17.4
212,Apple iPad Air 13 2024 Tablet 5G (512GB),"₹1,02,024",76,Single Sim,"3G, 4G, 5G, Wi-Fi","Apple M2, Octa Core Processor","8 GB RAM, 512 GB inbuilt",9889 mAh Battery with Fast Charging,"13 inches, 2048 x 2732 px Display",12 MP Rear & 12 MP Front Camera,iPadOS v17.4
213,Apple iPad Pro 11 inch Tablet (Wi-Fi + 2TB + Standard Glass),"₹1,99,900",73,No Sim Supported,Wi-Fi,"Apple M4, Deca Core Processor","16 GB RAM, 2 TB inbuilt",8457 mAh Battery with Fast Charging,"11 inches, 1668 x 2420 px, 120 Hz Display",12 MP Rear & 12 MP Front Camera,ipad OS v17.4
214,Apple iPad Air 13 2024 Tablet (1TB + Wi-FI),"₹1,09,994",70,No Sim Supported,Wi-Fi,"Apple M2, Octa Core Processor","8 GB RAM, 1 TB inbuilt",9889 mAh Battery with Fast Charging,"13 inches, 2048 x 2732 px Display",12 MP Rear & 12 MP Front Camera,iPadOS v17.4
215,Apple iPad Pro 11 inch Tablet 5G (512GB),"₹1,39,900",78,Single Sim,"3G, 4G, 5G, Wi-Fi","Apple M4, Nine Core Processor","8 GB RAM, 512 GB inbuilt",8457 mAh Battery with Fast Charging,"11 inches, 1668 x 2420 px, 120 Hz Display",12 MP Rear & 12 MP Front Camera,ipad OS v17.4
216,Apple iPad Pro 11 inch Tablet (Wi-Fi + 1TB + Standard Glass),"₹1,59,900",73,No Sim Supported,Wi-Fi,"Apple M4, Deca Core Processor","16 GB RAM, 1 TB inbuilt",8457 mAh Battery with Fast Charging,"11 inches, 1668 x 2420 px, 120 Hz Display",12 MP Rear & 12 MP Front Camera,ipad OS v17.4
217,Apple iPad Pro 13 2024 Tablet 5G (512GB),"₹1,62,990",78,Single Sim,"3G, 4G, 5G, Wi-Fi","Apple M4, Nine Core Processor","8 GB RAM, 512 GB inbuilt",10538 mAh Battery with Fast Charging,"13 inches, 2064 x 2752 px, 120 Hz Display",12 MP Rear & 12 MP Front Camera,iPadOS v17.4
218,Apple iPad Pro 11 inch Tablet (Wi-Fi +512GB),"₹1,11,990",71,No Sim Supported,Wi-Fi,"Apple M4, Nine Core Processor","8 GB RAM, 512 GB inbuilt",8457 mAh Battery with Fast Charging,"11 inches, 1668 x 2420 px, 120 Hz Display",12 MP Rear & 12 MP Front Camera,ipad OS v17.4
219,Apple iPad Air 13 2024 Tablet 5G (256GB),"₹84,716",76,Single Sim,"3G, 4G, 5G, Wi-Fi","Apple M2, Octa Core Processor","8 GB RAM, 256 GB inbuilt",9889 mAh Battery with Fast Charging,"13 inches, 2048 x 2732 px Display",12 MP Rear & 12 MP Front Camera,iPadOS v17.4
220,Apple iPad Air 2024 11 inch Tablet 5G (512GB),"₹79,900",77,Single Sim,"3G, 4G, 5G, VoLTE, Wi-Fi","Apple M2, Octa Core Processor","8 GB RAM, 512 GB inbuilt",7819 mAh Battery with Fast Charging,"11 inches, 1640 x 2360 px Display",12 MP Rear & 12 MP Front Camera,iPadOS v17.4
221,HTC A101 Plus Tablet,"₹13,499",72,Dual Sim,"3G, 4G, Wi-Fi","Unisoc T606, Octa Core, 1.6 GHz Processor","8 GB RAM, 128 GB inbuilt",7000 mAh Battery with 10W Fast Charging,"10.95 inches, 1200 x 1920 px Display",13 MP Dual Rear & 8 MP Front Camera,Memory Card (Hybrid)
222,Teclast T65 Max Tablet,"₹19,990",,Dual Sim,"3G, 4G, VoLTE, Wi-Fi","Helio G99, Octa Core, 2.2 GHz Processor","8 GB RAM, 256 GB inbuilt",10000 mAh Battery with 18W Fast Charging,"12.95 inches, 1920 x 1200 px Display",13 MP + 0.1 MP Dual Rear & 8 MP Front Camera,"Memory Card (Hybrid), upto 1 TB"
223,Blackview MEGA 1,"₹21,990",,Dual Sim,"3G, 4G, Wi-Fi","Helio G99, Octa Core, 2.2 GHz Processor","8 GB RAM, 256 GB inbuilt",8800 mAh Battery with 33W Fast Charging,"11.5 inches, 1200 x 2000 px, 120 Hz Display",50 MP Rear & 13 MP Front Camera,"Memory Card (Hybrid), upto 1 TB"
224,Vivo Pad 3 Pro,"₹39,990",75,No Sim Supported,"Wi-Fi, NFC","Dimensity 9300, Octa Core, 3.25 GHz Processor","8 GB RAM, 128 GB inbuilt",11500 mAh Battery with 66W Fast Charging,"13 inches, 2064 x 3096 px, 144 Hz Display",13 MP Rear & 8 MP Front Camera,Android v14
225,Huawei MatePad Pro 11 2024 Tablet,"₹49,990",,Wi-Fi,No 3G,"Kirin  9000s, Octa Core, 2.62 GHz Processor","12 GB RAM, 256 GB inbuilt",8300 mAh Battery with 66W Fast Charging,"11 inches, 2560 x 1600 px, 120 Hz Display",13 MP + 8 MP Dual Rear & 16 MP Front Camera,"Memory Card Supported, upto 1 TB"
226,Doogee T30 Ultra Tablet,"₹25,990",76,Dual Sim,"3G, 4G, VoLTE, Wi-Fi","Helio G99, Octa Core, 2.2 GHz Processor","12 GB RAM, 256 GB inbuilt",8580 mAh Battery with 18W Fast Charging,"11 inches, 1600 x 2560 px, 90 Hz Display",16 MP Rear & 8 MP Front Camera,"Memory Card (Hybrid), upto 2 TB"
227,Doogee T20 Ultra Tablet,"₹23,990",75,Dual Sim,"3G, 4G, VoLTE, Wi-Fi","Helio G99, Octa Core, 2.2 GHz Processor","12 GB RAM, 256 GB inbuilt",10800 mAh Battery,"12 inches, 1200 x 2000 px, 90 Hz Display",16 MP Rear & 8 MP Front Camera,"Memory Card (Hybrid), upto 2 TB"
228,Cubot Tab 40,"₹10,499",73,Dual Sim,"3G, 4G, Wi-Fi","Tiger  T616, Octa Core, 2 GHz Processor","8 GB RAM, 128 GB inbuilt",7000 mAh Battery,"10.4 inches, 1200 x 2000 px Display",13 MP Rear & 5 MP Front Camera,Memory Card (Hybrid)
229,Doogee T10 Plus Tablet,"₹24,999",63,Wi-Fi,"Unisoc T606, Octa Core, 2 GHz Processor","20 GB RAM, 256 GB inbuilt",8250 mAh Battery with 18W Fast Charging,10.51 inches Display,13 MP Rear & 8 MP Front Camera,"Memory Card Supported, upto 1 TB",Android v13
230,Doogee U10 Tablet,"₹23,999",,Wi-Fi,"Rockchip RK3562, Quad Core, 2 GHz Processor",9 GB RAM,5060 mAh Battery,10.1 inches Display,8 MP Rear & 5 MP Front Camera,No FM Radio,Bluetooth
231,Doogee T10 Pro Tablet,"₹29,999",61,Wi-Fi,"Unisoc T606, Octa Core, 2 GHz Processor","15 GB RAM, 256 GB inbuilt",8580 mAh Battery with 18W Fast Charging,10.1 inches Display,13 MP Rear & 8 MP Front Camera,Android v12,No FM Radio
232,Teclast M50 Pro Tablet,"₹15,900",77,Dual Sim,"3G, 4G, VoLTE, Wi-Fi","Tiger T616, Octa Core, 2 GHz Processor","8 GB RAM, 128 GB inbuilt",6000 mAh Battery with Fast Charging,"10.1 inches, 1920 x 1200 px Display",13 MP + 0.3 MP Dual Rear & 5 MP Front Camera,Memory Card (Hybrid)
233,Doogee T20 Tablet,"₹17,990",79,Dual Sim,"3G, 4G, VoLTE, Wi-Fi","Tiger T616, Octa Core, 2 GHz Processor","8 GB RAM, 256 GB inbuilt",8300 mAh Battery with 18W Fast Charging,"10.4 inches, 1200 x 2000 px Display",16 MP Rear & 8 MP Front Camera,"Memory Card (Hybrid), upto 1 TB"
234,Apple iPad Pro 11 2022 Tablet (Wi-Fi + 2TB),"₹1,89,900",74,Wi-Fi,No 3G,"Apple M2, Octa Core Processor","16 GB RAM, 2 TB inbuilt",7538 mAh Battery with 18W Fast Charging,"11 inches, 1668 x 2388 px Display",12 MP + 10 MP + Depth Sensor Triple Rear & 12 MP Front Camera,iPadOS v16
235,Apple iPad Pro 12.9 2022 Tablet (256GB),"₹1,34,900",,Single Sim,"3G, 4G, 5G, VoLTE, Wi-Fi","Apple M2, Octa Core Processor","8 GB RAM, 256 GB inbuilt",10758 mAh Battery with 18W Fast Charging,"12.9 inches, 2048 x 2732 px Display",12 MP + 10 MP + Depth Sensor Triple Rear & 12 MP Front Camera,iPadOS v16
236,Apple iPad Pro 12.9 2022 Tablet (1TB),"₹1,69,332",,Single Sim,"3G, 4G, 5G, VoLTE, Wi-Fi","Apple M2, Octa Core Processor","16 GB RAM, 1 TB inbuilt",10758 mAh Battery with 18W Fast Charging,"12.9 inches, 2048 x 2732 px Display",12 MP + 10 MP + Depth Sensor Triple Rear & 12 MP Front Camera,iPadOS v16
237,Apple iPad Pro 11 2022 Tablet (Wi-Fi + 512GB),"₹99,355",71,Wi-Fi,No 3G,"Apple M2, Octa Core Processor","8 GB RAM, 512 GB inbuilt",7538 mAh Battery with 18W Fast Charging,"11 inches, 1668 x 2388 px Display",12 MP + 10 MP + Depth Sensor Triple Rear & 12 MP Front Camera,iPadOS v16
238,Apple iPad Pro 11 2022 Tablet (1TB),"₹1,28,520",,Single Sim,"3G, 4G, 5G, VoLTE, Wi-Fi","Apple M2, Octa Core Processor","16 GB RAM, 1 TB inbuilt",7538 mAh Battery with 18W Fast Charging,"11 inches, 1668 x 2388 px Display",12 MP + 10 MP + Depth Sensor Triple Rear & 12 MP Front Camera,iPadOS v16
239,Apple iPad Pro 11 2022 Tablet (512GB),"₹1,06,530",,Single Sim,"3G, 4G, 5G, VoLTE, Wi-Fi","Apple M2, Octa Core Processor","8 GB RAM, 512 GB inbuilt",7538 mAh Battery with 18W Fast Charging,"11 inches, 1668 x 2388 px Display",12 MP + 10 MP + Depth Sensor Triple Rear & 12 MP Front Camera,iPadOS v16
240,Apple iPad Pro 12.9 2022 Tablet (Wi-Fi + 1TB),"₹1,28,520",74,Wi-Fi,No 3G,"Apple M2, Octa Core Processor","16 GB RAM, 1 TB inbuilt",10758 mAh Battery with 18W Fast Charging,"12.9 inches, 2048 x 2732 px Display",12 MP + 10 MP + Depth Sensor Triple Rear & 12 MP Front Camera,iPadOS v16
241,Apple iPad Pro 12.9 2022 Tablet,"₹1,24,900",79,Single Sim,"3G, 4G, 5G, VoLTE, Wi-Fi","Apple M2, Octa Core Processor","8 GB RAM, 128 GB inbuilt",10758 mAh Battery with 18W Fast Charging,"12.9 inches, 2048 x 2732 px Display",12 MP + 10 MP + Depth Sensor Triple Rear & 12 MP Front Camera,iPadOS v16
242,Apple iPad Pro 12.9 2022 Tablet (512GB),"₹1,54,900",,Single Sim,"3G, 4G, 5G, VoLTE, Wi-Fi","Apple M2, Octa Core Processor","8 GB RAM, 512 GB inbuilt",10758 mAh Battery with 18W Fast Charging,"12.9 inches, 2048 x 2732 px Display",12 MP + 10 MP + Depth Sensor Triple Rear & 12 MP Front Camera,iPadOS v16
243,Apple iPad Pro 12.9 2022 Tablet (Wi-Fi + 2TB),"₹2,19,900",75,Wi-Fi,No 3G,"Apple M2, Octa Core Processor","16 GB RAM, 2 TB inbuilt",10758 mAh Battery with 18W Fast Charging,"12.9 inches, 2048 x 2732 px Display",12 MP + 10 MP + Depth Sensor Triple Rear & 12 MP Front Camera,iPadOS v16
244,Wishtel IRA T1020 4G Tablet,"₹21,079",75,Dual Sim,"3G, 4G, VoLTE, Wi-Fi","Octa Core, 2 GHz Processor","8 GB RAM, 128 GB inbuilt",8000 mAh Battery,"10.4 inches, 2000 x 1200 px Display",8 MP Rear & 5 MP Front Camera,"Memory Card Supported, upto 256 GB"
245,Apple iPad Pro 12.9 2021 Tablet (Wi-Fi + 2TB),"₹1,98,900",74,Wi-Fi,No 3G,"Apple M1, Octa Core Processor","16 GB RAM, 2 TB inbuilt","12.9 inches, 2048 x 2732 px Display",12 MP + 10 MP + Depth Sensor Triple Rear & 12 MP Front Camera,iOS v14.5,No FM Radio
246,Apple iPad Pro 11 2021 Tablet (1TB),"₹1,48,900",,Single Sim,"3G, 4G, 5G, VoLTE, Wi-Fi","Apple M1, Octa Core Processor","16 GB RAM, 1 TB inbuilt",7538 mAh Battery with 18W Fast Charging,"11 inches, 1668 x 2388 px Display",12 MP + 10 MP + Depth Sensor Triple Rear & 12 MP Front Camera,iOS v14.5
247,Apple iPad Pro 11 2021 Tablet (2TB),"₹1,84,900",,Single Sim,"3G, 4G, 5G, VoLTE, Wi-Fi","Apple M1, Octa Core Processor","16 GB RAM, 2 TB inbuilt",7538 mAh Battery with 18W Fast Charging,"11 inches, 1668 x 2388 px Display",12 MP + 10 MP + Depth Sensor Triple Rear & 12 MP Front Camera,iOS v14.5
248,Apple iPad Pro 12.9 2021 Tablet (Wi-Fi + 1TB),"₹1,62,900",74,Wi-Fi,No 3G,"Apple M1, Octa Core Processor","16 GB RAM, 1 TB inbuilt","12.9 inches, 2048 x 2732 px Display",12 MP + 10 MP + Depth Sensor Triple Rear & 12 MP Front Camera,iOS v14.5,No FM Radio
249,Apple iPad Pro 11 2021 Tablet (Wi-Fi + 2TB),"₹1,70,900",74,Wi-Fi,No 3G,"Apple M1, Octa Core Processor","16 GB RAM, 2 TB inbuilt",7538 mAh Battery with 18W Fast Charging,"11 inches, 1668 x 2388 px Display",12 MP + 10 MP + Depth Sensor Triple Rear & 12 MP Front Camera,iOS v14.5
250,Apple iPad Air 2024 11 inch Tablet (Wi-Fi + 128GB),"₹47,994",67,No Sim Supported,Wi-Fi,"Apple M2, Octa Core Processor","8 GB RAM, 128 GB inbuilt",7819 mAh Battery with Fast Charging,"11 inches, 1640 x 2360 px Display",12 MP Rear & 12 MP Front Camera,iPadOS v17.4
251,Lenovo Legion Y700 2023 Gaming Tablet,"₹29,990",,Single Sim,"VoLTE, Wi-Fi","Snapdragon 8+ Gen1, Octa Core, 3.2 GHz Processor","12 GB RAM, 256 GB inbuilt",6550 mAh Battery with 45W Fast Charging,"8.8 inches, 1600 x 2560 px, 144 Hz Display",13 MP + 2 MP Dual Rear & 8 MP Front Camera,Memory Card Supported
252,Doogee T20S Tablet,"₹24,999",76,Dual Sim,"3G, 4G, VoLTE, Wi-Fi","Tiger  T616, Octa Core, 2 GHz Processor","8 GB RAM, 128 GB inbuilt",7500 mAh Battery,"10.4 inches, 1200 x 1920 px Display",13 MP Rear & 5 MP Front Camera,"Memory Card (Hybrid), upto 1 TB"
253,Honor MagicPad 13 Tablet,"₹36,999",72,Wi-Fi,"Snapdragon 888, Octa Core, 2.84 GHz Processor","8 GB RAM, 256 GB inbuilt",10050 mAh Battery with 66W Fast Charging,"13 inches, 1840 x 2880 px, 144 Hz Display",13 MP Rear & 9 MP Front Camera,Android v13,No FM Radio
254,iQOO Pad,"₹29,999",76,"Wi-Fi, NFC",No 3G,"Dimensity 9000 Plus, Octa Core, 3.2 GHz Processor","8 GB RAM, 128 GB inbuilt",10000 mAh Battery with 44W Fast Charging,"12.1 inches, 1968 x 2800 px, 144 Hz Display",13 MP + 2 MP Dual Rear & 8 MP Front Camera,Android v13
255,Samsung Galaxy Tab S9 Plus,"₹97,999",,Single Sim,"3G, 4G, 5G, VoLTE, Wi-Fi","Snapdragon 8 Gen2, Octa Core, 3.2 GHz Processor","12 GB RAM, 256 GB inbuilt",10090 mAh Battery with 45W Fast Charging,"12.4 inches, 1752 x 2800 px, 120 Hz Display",13 MP + 8 MP Dual Rear & 12 MP Front Camera,"Memory Card Supported, upto 1 TB"
256,Lenovo Legion Y900 Tablet,"₹59,990",,Dual Sim,"3G, 4G, 5G, VoLTE, Wi-Fi","Dimensity 9000, Octa Core, 3.05 GHz Processor","8 GB RAM, 128 GB inbuilt",12300 mAh Battery with 68W Fast Charging,"14.5 inches, 1080 x 2400 px, 120 Hz Display",8 MP Rear & 8 MP Front Camera,"Memory Card Supported, upto 512 GB"
257,Lenovo Tab P11 5G (8GB RAM + 256GB),"₹39,999",,Single Sim,"3G, 4G, 5G, VoLTE, Wi-Fi","Snapdragon  750G , Octa Core, 2.2 GHz Processor","8 GB RAM, 256 GB inbuilt",7500 mAh Battery with Fast Charging,"11 inches, 1200 x 2000 px Display",13 MP Rear & 8 MP Front Camera,"Memory Card Supported, upto 1 TB"
258,Xiaomi Pad 6 Pro Tablet,"₹29,990",75,Wi-Fi,No 3G,"Snapdragon  8+ Gen1, Octa Core, 3.19 GHz Processor","8 GB RAM, 128 GB inbuilt",8600 mAh Battery with 67W Fast Charging,"11 inches, 1800 x 2880 px, 144 Hz Display",50 MP + 2 MP Dual Rear & 20 MP Front Camera,Android v13
259,Oppo Pad 2 Tablet,"₹35,990",78,"VoLTE, Wi-Fi","Dimensity 9000, Octa Core, 3.05 GHz Processor","8 GB RAM, 256 GB inbuilt",9510 mAh Battery with 67W Fast Charging,"11.61 inches, 2000 x 2800 px, 144 Hz Display",13 MP Rear & 8 MP Front Camera,Android v13,No FM Radio
260,Lenovo Yoga Paper E Ink Tablet,"₹29,999",68,Wi-Fi,No 3G,"Helio G90T, Octa Core, 2.05 GHz Processor","8 GB RAM, 128 GB inbuilt",8500 mAh Battery,"11 inches, 2000 x 1200 px Display",13 MP Rear & 8 MP Front Camera,"Memory Card Supported, upto 512 GB"
261,Apple iPad Pro 11 2022 Tablet,"₹86,594",78,Single Sim,"3G, 4G, 5G, VoLTE, Wi-Fi","Apple M2, Octa Core Processor","8 GB RAM, 128 GB inbuilt",7538 mAh Battery with 18W Fast Charging,"11 inches, 1668 x 2388 px Display",12 MP + 10 MP + Depth Sensor Triple Rear & 12 MP Front Camera,iPadOS v16
262,Google Pixel Tablet Pro,"₹45,990",62,Wi-Fi,Google Tensor 2,"8 GB RAM, 128 GB inbuilt",7100 mAh Battery with Fast Charging,"12.1 inches, 1200 x 2000 px, 120 Hz Display",12 MP + 12 MP Dual Rear & 8 MP Front Camera,Android v13,No FM Radio
263,Teclast T50 Tablet,"₹19,990",77,Dual Sim,"3G, 4G, Wi-Fi","Tiger T618, Octa Core, 2 GHz Processor","8 GB RAM, 128 GB inbuilt",7500 mAh Battery with 18W Fast Charging,"11 inches, 2000 x 1200 px Display",20 MP Rear & 8 MP Front Camera,"Memory Card Supported, upto 1 TB"
264,Lenovo Tab P12 Pro (Wi-Fi + 256GB),"₹49,999",,"Wi-Fi, NFC",No 3G,"Snapdragon 870, Octa Core, 3.2 GHz Processor","8 GB RAM, 256 GB inbuilt",10200 mAh Battery with 45W Fast Charging,"12.6 inches, 2560 x 1600 px, 120 Hz Display",13 MP + 5 MP Dual Rear & 8 MP Front Camera,"Memory Card Supported, upto 512 GB"
265,Lenovo Tab P12 Pro (8GB RAM + 256GB),"₹69,999",,Single Sim,"3G, 4G, 5G, VoLTE, Wi-Fi, NFC","Snapdragon  870 , Octa Core, 3.2 GHz Processor","8 GB RAM, 256 GB inbuilt",10200 mAh Battery with 45W Fast Charging,"12.6 inches, 1600 x 2560 px, 120 Hz Display",13 MP + 5 MP Dual Rear & 8 MP Dual Front Camera,"Memory Card Supported, upto 1 TB"
266,Samsung Galaxy Tab S8 Tablet (Wi-Fi Only),"₹46,990",79,Wi-Fi,No 3G,"Snapdragon 8 Gen1, Octa Core, 3 GHz Processor","8 GB RAM, 128 GB inbuilt",8000 mAh Battery with 45W Fast Charging,"11 inches, 1600 x 2560 px, 120 Hz Display",13 MP + 6 MP Dual Rear & 12 MP Front Camera,"Memory Card Supported, upto 1 TB"
267,Samsung Galaxy Tab S8 Plus Tablet (Wi-Fi Only),"₹68,794",,Wi-Fi,No 3G,"Snapdragon 8 Gen1, Octa Core, 3 GHz Processor","8 GB RAM, 128 GB inbuilt",10090 mAh Battery with 45W Fast Charging,"12.4 inches, 1752 x 2800 px, 120 Hz Display",13 MP + 6 MP Dual Rear & 12 MP Front Camera,"Memory Card Supported, upto 1 TB"
268,Lenovo Legion Y700 Gaming Tablet,"₹29,990",,Single Sim,"3G, 4G, VoLTE, Wi-Fi","Snapdragon 870 , Octa Core, 3.2 GHz Processor","8 GB RAM, 128 GB inbuilt",6550 mAh Battery with 45W Fast Charging,"8.8 inches, 1600 x 2560 px, 120 Hz Display",13 MP Rear & 8 MP Front Camera,Memory Card Supported
269,Xiaomi Mi Pad 5 Pro 5G Tablet,"₹39,999",,Single Sim,"3G, 4G, 5G, VoLTE, Wi-Fi","Snapdragon  870 , Octa Core, 3.2 GHz Processor","8 GB RAM, 256 GB inbuilt",8600 mAh Battery with 67W Fast Charging,"11 inches, 1600 x 2560 px, 120 Hz Display",50 MP + 5 MP Dual Rear & 8 MP Front Camera,Android v11
270,Apple iPad Pro 12.9 2021 Tablet (512GB),"₹1,19,999",,Single Sim,"3G, 4G, 5G, VoLTE, Wi-Fi","Apple M1, Octa Core Processor","8 GB RAM, 512 GB inbuilt","12.9 inches, 2048 x 2732 px Display",12 MP + 10 MP + Depth Sensor Triple Rear & 12 MP Front Camera,iOS v14.5,No FM Radio
271,Samsung Galaxy Tab S8 5G Tablet,"₹39,999",,Single Sim,"3G, 4G, 5G, VoLTE, Wi-Fi","Snapdragon 8 Gen1, Octa Core, 3 GHz Processor","8 GB RAM, 128 GB inbuilt",8000 mAh Battery with 45W Fast Charging,"11 inches, 1600 x 2560 px, 120 Hz Display",13 MP + 6 MP Dual Rear & 12 MP Front Camera,"Memory Card Supported, upto 1 TB"
272,Huawei Mate Xs,"₹1,94,990",,Dual Sim,"3G, 4G, 5G, VoLTE, Wi-Fi, NFC, IR Blaster","Kirin 990, Octa Core, 2.86 GHz Processor","8 GB RAM, 512 GB inbuilt",4500 mAh Battery with 55W Fast Charging,"8 inches, 2200 x 2480 px Display",Foldable Display,40 MP Quad Rear Camera
273,Cubot Tab Kingkong 2,"₹24,999",,Dual Sim,"3G, 4G, Wi-Fi","Helio G99, Octa Core, 2.2 GHz Processor","8 GB RAM, 256 GB inbuilt",20400 mAh Battery with 33W Fast Charging,"10.95 inches, 1200 x 1920 px Display",64 MP Rear & 32 MP Front Camera,Memory Card (Hybrid)
274,Wishtel IRA Duo Book 1 Tablet,"₹42,149",72,No Sim Supported,Wi-Fi,"Celeron N4500, Octa Core, 2.8 GHz Processor","8 GB RAM, 256 GB inbuilt",3400 mAh Battery,"11 inches, 2160 x 1440 px Display",5 MP Rear & 1 MP Front Camera,"Memory Card Supported, upto 1 TB"
275,Apple iPad Air 2024 11 inch Tablet (256GB + Wi-Fi ),"₹60,590",67,No Sim Supported,Wi-Fi,"Apple M2, Octa Core Processor","8 GB RAM, 256 GB inbuilt",7819 mAh Battery with Fast Charging,"11 inches, 1640 x 2360 px Display",12 MP Rear & 12 MP Front Camera,iPadOS v17.4
276,DOMO Slate SLP29 T618 Tablet,"₹14,990",77,Dual Sim,"3G, 4G, VoLTE, Wi-Fi","Tiger T618, Octa Core, 2 GHz Processor","8 GB RAM, 256 GB inbuilt",7500 mAh Battery,"11 inches, 2000 x 1200 px Display",13 MP Rear & 5 MP Front Camera,"Memory Card (Hybrid), upto 512 GB"
277,Google Pixel Tablet (8GB RAM +256GB),"₹62,963",77,Wi-Fi,No 3G,"Tensor G2, Octa Core, 2.85 GHz Processor","8 GB RAM, 256 GB inbuilt",7020 mAh Battery with 15W Fast Charging,"10.95 inches, 1600 x 2560 px, 90 Hz Display",8 MP Rear & 8 MP Front Camera,Android v13
278,Ulefone Armor Pad 2,"₹66,196",,Dual Sim,"3G, 4G, Wi-Fi, NFC","Helio G99, Octa Core, 2.2 GHz Processor","8 GB RAM, 256 GB inbuilt",18600 mAh Battery,"11 inches, 1200 x 2000 px Display",48 MP Rear & 16 MP Front Camera,Memory Card Supported
279,Oukitel RT6 Tablet,"₹19,999",,Dual Sim,"3G, 4G, Wi-Fi","Helio MT8788, Octa Core, 2 GHz Processor","8 GB RAM, 256 GB inbuilt",20000 mAh Battery with 33W Fast Charging,"10.1 inches, 1200 x 1920 px Display",16 MP Rear & 16 MP Front Camera,"Memory Card (Hybrid), upto 1 TB"
280,Samsung Galaxy Tab S9 Ultra Tablet (5G + 12GB + 512GB),"₹1,14,498",,Single Sim,"3G, 4G, 5G, VoLTE, Wi-Fi","Snapdragon 8 Gen2, Octa Core, 3.2 GHz Processor","12 GB RAM, 512 GB inbuilt",11200 mAh Battery with 45W Fast Charging,"14.6 inches, 1848 x 2960 px, 120 Hz Display",13 MP + 8 MP Dual Rear & 12 MP + 12 MP Dual Front Camera,"Memory Card Supported, upto 1 TB"
281,Samsung Galaxy Tab S9 Ultra Tablet (Wi-Fi+12GB+512GB),"₹1,09,999",,Wi-Fi,"Snapdragon 8 Gen2, Octa Core, 3.2 GHz Processor","12 GB RAM, 512 GB inbuilt",11200 mAh Battery with 45W Fast Charging,"14.6 inches, 1848 x 2960 px, 120 Hz Display",13 MP + 8 MP Dual Rear & 12 MP + 12 MP Dual Front Camera,"Memory Card Supported, upto 1 TB",Android v13
282,HTC A104 Tablet,"₹15,999",76,Dual Sim,"3G, 4G, VoLTE, Wi-Fi","Unisoc T606, Octa Core, 1.6 GHz Processor","8 GB RAM, 128 GB inbuilt",7000 mAh Battery,"10.36 inches, 2000 x 1200 px Display",5 MP Rear & 5 MP Front Camera,"Memory Card Supported, upto 512 GB"
283,AGM Pad P1 Tablet,"₹16,499",79,Dual Sim,"3G, 4G, VoLTE, Wi-Fi","Helio G99, Octa Core, 2.2 GHz Processor","8 GB RAM, 256 GB inbuilt",7000 mAh Battery with 18W Fast Charging,"10.36 inches, 1200 x 2000 px Display",8 MP Rear & 5 MP Front Camera,"Memory Card (Hybrid), upto 2 TB"
284,Blackview Active 8 Pro,"₹19,990",,Dual Sim,"3G, 4G, Wi-Fi, NFC","Helio G99, Octa Core, 2.2 GHz Processor","8 GB RAM, 256 GB inbuilt",22000 mAh Battery with 33W Fast Charging,"10.36 inches, 1200 x 2000 px Display",48 MP Rear & 16 MP Front Camera,Memory Card (Hybrid)
285,Teclast T50 Pro Tablet,"₹15,000",,Dual Sim,"3G, 4G, VoLTE, Wi-Fi","Helio G99, Octa Core, 2.2 GHz Processor","8 GB RAM, 256 GB inbuilt",8000 mAh Battery with 18W Fast Charging,"11 inches, 2000 x 1200 px Display",20 MP + 20 MP Dual Rear & 8 MP Front Camera,"Memory Card (Hybrid), upto 1 TB"
286,Teclast T40S Tablet,"₹14,990",59,Wi-Fi,"Helio MT8183, Octa Core Processor","8 GB RAM, 128 GB inbuilt",6000 mAh Battery with Fast Charging,"10.4 inches, 2000 x 1200 px Display",13 MP Rear & 5 MP Front Camera,"Memory Card Supported, upto 1 TB",Android v12
287,Doogee T30 Pro Tablet,"₹28,990",,Dual Sim,"3G, 4G, VoLTE, Wi-Fi","Helio G99, Octa Core, 2.2 GHz Processor","8 GB RAM, 256 GB inbuilt",8580 mAh Battery with 18W Fast Charging,"11 inches, 1600 x 2560 px, 90 Hz Display",20 MP Rear & 8 MP Front Camera,"Memory Card (Hybrid), upto 2 TB"
288,Vaio TL10 Tablet,"₹28,990",76,Single Sim,"3G, 4G, VoLTE, Wi-Fi","Tiger T616, Octa Core, 2 GHz Processor","8 GB RAM, 128 GB inbuilt",7000 mAh Battery with 15W Fast Charging,"10.4 inches, 1200 x 2000 px Display",8 MP Rear & 5 MP Front Camera,"Memory Card Supported, upto 1 TB"
289,Honor Pad V8 Tablet,"₹21,999",72,Single Sim,"3G, 4G, 5G, VoLTE, Wi-Fi","Dimensity 8020, Octa Core Processor","8 GB RAM, 256 GB inbuilt",7250 mAh Battery with Fast Charging,"11 inches, 1600 x 2560 px, 120 Hz Display",13 MP + 2 MP Dual Rear & 5 MP Front Camera,Memory Card Supported
290,ZTE Axon Pad Tablet,"₹39,990",,Dual Sim,"3G, 4G, 5G, Wi-Fi","Snapdragon 8+ Gen1, Octa Core, 3.2 GHz Processor","8 GB RAM, 256 GB inbuilt",10000 mAh Battery with 80W Fast Charging,"12.1 inches, 1600 x 2560 px, 120 Hz Display",13 MP Rear & 8 MP Front Camera,Android v13
291,Blackview Tab 16,"₹17,990",77,Dual Sim,"3G, 4G, VoLTE, Wi-Fi","(12 nm), Octa Core, 2 GHz Processor","8 GB RAM, 128 GB inbuilt",7680 mAh Battery,"11 inches, 1200 x 2000 px Display",13 MP Rear & 8 MP Front Camera,"Memory Card (Hybrid), upto 1 TB"
292,Doogee R10 Tablet,"₹19,990",,Dual Sim,"3G, 4G, VoLTE, Wi-Fi","Helio G99, Octa Core, 2.2 GHz Processor","8 GB RAM, 128 GB inbuilt",10800 mAh Battery with 18W Fast Charging,"10.36 inches, 1536 x 2048 px Display",20 MP Rear & 16 MP Front Camera,"Memory Card (Hybrid), upto 2 TB"
293,Vivo Pad 2,"₹29,990",76,"Wi-Fi, NFC",No 3G,"Dimensity 9000, Octa Core, 3.05 GHz Processor","8 GB RAM, 128 GB inbuilt",10000 mAh Battery with 44W Fast Charging,"12.1 inches, 1968 x 2800 px, 144 Hz Display",13 MP + 2 MP Dual Rear & 8 MP Front Camera,Android v13
294,Nubia Pad 3D,"₹86,999",,Wi-Fi,"Snapdragon 888, Octa Core, 2.84 GHz Processor","8 GB RAM, 128 GB inbuilt",9070 mAh Battery with 33W Fast Charging,"12.4 inches, 1600 x 2560 px, 120 Hz Display",16 MP + 16 MP Dual Rear & 8 MP + 8 MP Dual Front Camera,"Memory Card Supported, upto 1 TB",Android v12
295,TCL NxtPaper 12 Pro,"₹42,999",,Single Sim,"3G, 4G, 5G, Wi-Fi","Helio MT8771, Octa Core, 2.4 GHz Processor","8 GB RAM, 256 GB inbuilt",8000 mAh Battery with 18W Fast Charging,"12.2 inches, 1440 x 2160 px Display",13 MP Rear & 8 MP + 8 MP Dual Front Camera,"Memory Card Supported, upto 512 GB"
296,Honor V8 Pro Tablet,"₹29,999",,Single Sim,"3G, 4G, 5G, VoLTE, Wi-Fi","Dimensity 8100, Octa Core, 2.85 GHz Processor","8 GB RAM, 256 GB inbuilt",10050 mAh Battery with Fast Charging,"12.1 inches, 1600 x 2560 px, 144 Hz Display",13 MP + Macro Dual Rear & 5 MP Front Camera,Memory Card Supported
297,Doogee T10,"₹14,499",78,Dual Sim,"3G, 4G, VoLTE, Wi-Fi","Unisoc T606, Octa Core, 2 GHz Processor","8 GB RAM, 128 GB inbuilt",8300 mAh Battery with 18W Fast Charging,"10.1 inches, 1200 x 1920 px Display",13 MP Dual Rear & 8 MP Front Camera,"Memory Card (Hybrid), upto 1 TB"
298,Lenovo Tab P11 Pro 2nd Gen (Wi-Fi + 8 GB + 256 GB),"₹30,990",,Wi-Fi,No 3G,"Kompanio 1300T, Octa Core, 2.6 GHz Processor","8 GB RAM, 256 GB inbuilt",8000 mAh Battery with 20W Fast Charging,"11.2 inches, 1536 x 2560 px, 120 Hz Display",13 MP Rear & 8 MP Front Camera,Memory Card Supported
299,Apple iPad Pro 12.9 2022 Tablet (Wi-Fi + 128GB),"₹1,01,594",71,Wi-Fi,No 3G,"Apple M2, Octa Core Processor","8 GB RAM, 128 GB inbuilt",10758 mAh Battery with 18W Fast Charging,"12.9 inches, 2048 x 2732 px Display",12 MP + 10 MP + Depth Sensor Triple Rear & 12 MP Front Camera,iPadOS v16
300,Apple iPad Pro 11 2022 Tablet (Wi-Fi + 128GB),"₹73,494",70,Wi-Fi,No 3G,"Apple M2, Octa Core Processor","8 GB RAM, 128 GB inbuilt",7538 mAh Battery with 18W Fast Charging,"11 inches, 1668 x 2388 px Display",12 MP + 10 MP + Depth Sensor Triple Rear & 12 MP Front Camera,iPadOS v16
301,Apple iPad Pro 11 2022 Tablet (Wi-Fi + 256GB),"₹88,990",70,Wi-Fi,No 3G,"Apple M2, Octa Core Processor","8 GB RAM, 256 GB inbuilt",7538 mAh Battery with 18W Fast Charging,"11 inches, 1668 x 2388 px Display",12 MP + 10 MP + Depth Sensor Triple Rear & 12 MP Front Camera,iPadOS v16
302,Apple iPad Pro 11 2022 Tablet (256GB),"₹1,04,900",79,Single Sim,"3G, 4G, 5G, VoLTE, Wi-Fi","Apple M2, Octa Core Processor","8 GB RAM, 256 GB inbuilt",7538 mAh Battery with 18W Fast Charging,"11 inches, 1668 x 2388 px Display",12 MP + 10 MP + Depth Sensor Triple Rear & 12 MP Front Camera,iPadOS v16
303,Apple iPad Pro 12.9 2022 Tablet (Wi-Fi + 512GB),"₹1,05,849",72,Wi-Fi,No 3G,"Apple M2, Octa Core Processor","8 GB RAM, 512 GB inbuilt",10758 mAh Battery with 18W Fast Charging,"12.9 inches, 2048 x 2732 px Display",12 MP + 10 MP + Depth Sensor Triple Rear & 12 MP Front Camera,iPadOS v16
304,Apple iPad Pro 12.9 2022 Tablet (Wi-Fi + 256GB),"₹1,09,900",71,Wi-Fi,No 3G,"Apple M2, Octa Core Processor","8 GB RAM, 256 GB inbuilt",10758 mAh Battery with 18W Fast Charging,"12.9 inches, 2048 x 2732 px Display",12 MP + 10 MP + Depth Sensor Triple Rear & 12 MP Front Camera,iPadOS v16
305,Apple iPad Pro 10th Gen Tablet,"₹1,06,990",79,Single Sim,"3G, 4G, 5G, VoLTE, Wi-Fi","Apple M2, Octa Core Processor","8 GB RAM, 256 GB inbuilt",7938 mAh Battery with 18W Fast Charging,"11 inches, 1668 x 2388 px Display",12 MP + 10 MP + Depth Sensor Triple Rear & 12 MP Front Camera,iOS v16
306,Oukitel RT2 Tablet,"₹18,990",75,Dual Sim,"3G, 4G, Wi-Fi","Helio MT8788, Octa Core, 2 GHz Processor","8 GB RAM, 128 GB inbuilt",20000 mAh Battery with 33W Fast Charging,"10.1 inches, 1920 x 1200 px Display",16 MP Rear & 16 MP Front Camera,"Memory Card Supported, upto 1 TB"
307,Lenovo Xiaoxin Pad Pro 2022,"₹45,990",,Dual Sim,"3G, 4G, VoLTE, Wi-Fi","Snapdragon 870, Octa Core, 3.2 GHz Processor","8 GB RAM, 128 GB inbuilt",8200 mAh Battery with 68W Fast Charging,"11.2 inches, 2560 x 1536 px, 120 Hz Display",8 MP Rear & 8 MP Front Camera,"Memory Card Supported, upto 1 TB"
308,HTC A101 Tablet,"₹27,990",79,Dual Sim,"3G, 4G, VoLTE, Wi-Fi","Tiger T618, Octa Core, 2 GHz Processor","8 GB RAM, 128 GB inbuilt",7000 mAh Battery,"10.1 inches, 1200 x 1920 px Display",16 MP + 2 MP Dual Rear & 5 MP Front Camera,"Memory Card Supported, upto 256 GB"
309,Teclast M40 Air Tablet,"₹17,990",73,Single Sim,"3G, 4G, Wi-Fi","Helio  P60 , Octa Core, 2 GHz Processor","8 GB RAM, 128 GB inbuilt",6000 mAh Battery with 18W Fast Charging,"10.1 inches, 1920 x 1200 px Display",8 MP Rear & 5 MP Front Camera,"Memory Card Supported, upto 1 TB"
310,Realme Pad 5G Tablet,"₹24,999",77,Dual Sim,"3G, 4G, 5G, VoLTE, Wi-Fi","Snapdragon 870, Octa Core, 3.2 GHz Processor","8 GB RAM, 256 GB inbuilt",8360 mAh Battery with 18W Fast Charging,"10.4 inches, 1080 x 2560 px, 120 Hz Display",8 MP Rear & 8 MP Front Camera,Memory Card Supported
311,Apple iPad Air 5th Gen 5G Tablet (256GB),"₹72,199",76,Single Sim,"3G, 4G, 5G, VoLTE, Wi-Fi","Apple M1, Octa Core Processor","8 GB RAM, 256 GB inbuilt",7730 mAh Battery with 20W Fast Charging,"10.9 inches, 1640 x 2360 px Display",12 MP Rear & 12 MP Front Camera,iOS v15
312,HTC A100 Tablet,"₹13,990",76,Dual Sim,"3G, 4G, VoLTE, Wi-Fi","Unisoc  SCT618, Hexa Core, 2 GHz Processor","8 GB RAM, 128 GB inbuilt",7000 mAh Battery,"10.1 inches, 1200 x 1920 px Display",13 MP + 2 MP Dual Rear & 5 MP Front Camera,"Memory Card Supported, upto 256 GB"
313,Honor V7 Pro 5G Tablet,"₹41,900",,Single Sim,"3G, 4G, 5G, VoLTE, Wi-Fi","Kompanio  1300T, Octa Core, 2 GHz Processor","8 GB RAM, 256 GB inbuilt",7250 mAh Battery with 22.5W Fast Charging,"11 inches, 2560 x 1600 px, 120 Hz Display",13 MP + 2 MP Dual Rear & 8 MP Front Camera,"Memory Card Supported, upto 512 GB"
314,Lenovo Yoga Tab 13,"₹69,990",,Single Sim,"3G, 4G, VoLTE, Wi-Fi","Snapdragon 870, Octa Core, 3.2 GHz Processor","8 GB RAM, 128 GB inbuilt",10200 mAh Battery with Fast Charging,"13 inches, 1350 x 2160 px Display",13 MP Rear & 8 MP Front Camera,"Memory Card Supported, upto 256 GB"
315,Huawei MatePad Pro 12.6 5G 2021,"₹70,990",,Single Sim,"3G, 4G, 5G, VoLTE, Wi-Fi","Kirin 9000E, Octa Core, 3.13 GHz Processor","8 GB RAM, 128 GB inbuilt",10050 mAh Battery with 40W Fast Charging,"12.6 inches, 2560 x 1600 px Display",13 MP + 8 MP Triple Rear & 8 MP Front Camera,"Memory Card Supported, upto 256 GB"
316,Huawei MatePad Pro 12.6 5G 2021 (Wi-Fi Only),"₹64,990",,Wi-Fi,No 3G,"Kirin 9000E, Octa Core, 3.13 GHz Processor","8 GB RAM, 128 GB inbuilt",10050 mAh Battery with 40W Fast Charging,"12.6 inches, 2560 x 1600 px Display",13 MP + 8 MP Triple Rear & 8 MP Front Camera,"Memory Card Supported, upto 256 GB"
317,Huawei MatePad Pro 10.8 2021 (Wi-Fi Only),"₹47,999",79,Wi-Fi,No 3G,"Snapdragon 870, Octa Core, 3.2 GHz Processor","8 GB RAM, 128 GB inbuilt",7250 mAh Battery with 40W Fast Charging,"10.8 inches, 2560 x 1600 px Display",13 MP Rear & 8 MP Front Camera,"Memory Card Supported, upto 256 GB"
318,Huawei MatePad Pro 10.8 2021,"₹52,990",,Single Sim,"3G, 4G, 5G, VoLTE, Wi-Fi","Snapdragon 870, Octa Core, 3.2 GHz Processor","8 GB RAM, 128 GB inbuilt",7250 mAh Battery with 40W Fast Charging,"10.8 inches, 2560 x 1600 px Display",13 MP Rear & 8 MP Front Camera,"Memory Card Supported, upto 256 GB"
319,Huawei MatePad 2 5G,"₹41,990",76,Single Sim,"3G, 4G, 5G, VoLTE, Wi-Fi",Kirin 9000,"8 GB RAM, 128 GB inbuilt",7250 mAh Battery with 40W Fast Charging,"12.2 inches, 2560 x 1600 px, 120 Hz Display with Punch Hole",13 MP Rear & 8 MP Front Camera,"Memory Card Supported, upto 256 GB"
320,Lenovo Xiaoxin Pad Pro 2021,"₹34,990",,Dual Sim,"3G, 4G, 5G, VoLTE, Wi-Fi","Snapdragon 870, Octa Core, 3.2 GHz Processor","8 GB RAM, 128 GB inbuilt",10200 mAh Battery with 30W Fast Charging,"12.6 inches, 2560 x 1600 px, 120 Hz Display",13 MP + 5 MP Dual Rear & 8 MP Front Camera,"Memory Card Supported, upto 512 GB"
321,Apple iPad Pro 11 2021 Tablet (Wi-Fi + 256GB),"₹67,594",70,Wi-Fi,No 3G,"Apple M1, Octa Core Processor","8 GB RAM, 256 GB inbuilt",7538 mAh Battery with 18W Fast Charging,"11 inches, 1668 x 2388 px Display",12 MP + 10 MP + Depth Sensor Triple Rear & 12 MP Front Camera,iOS v14.5
322,Apple iPad Pro 11 2021 Tablet (Wi-Fi + 128GB),"₹67,199",69,Wi-Fi,No 3G,"Apple M1, Octa Core Processor","8 GB RAM, 128 GB inbuilt",7538 mAh Battery with 18W Fast Charging,"11 inches, 1668 x 2388 px Display",12 MP + 10 MP + Depth Sensor Triple Rear & 12 MP Front Camera,iOS v14.5
323,Apple iPad Pro 12.9 2021 Tablet (Wi-Fi + 128GB),"₹99,900",70,Wi-Fi,No 3G,"Apple M1, Octa Core Processor","8 GB RAM, 128 GB inbuilt","12.9 inches, 2048 x 2732 px Display",12 MP + 10 MP + Depth Sensor Triple Rear & 12 MP Front Camera,iOS v14.5,No FM Radio
324,Apple iPad Pro 12.9 2021 Tablet (2TB),"₹1,73,999",,Single Sim,"3G, 4G, 5G, VoLTE, Wi-Fi","Apple M1, Octa Core Processor","16 GB RAM, 2 TB inbuilt","12.9 inches, 2048 x 2732 px Display",12 MP + 10 MP + Depth Sensor Triple Rear & 12 MP Front Camera,iOS v14.5,No FM Radio
325,Apple iPad Pro 12.9 2021 Tablet (Wi-Fi + 512GB),"₹1,09,999",72,Wi-Fi,No 3G,"Apple M1, Octa Core Processor","8 GB RAM, 512 GB inbuilt","12.9 inches, 2048 x 2732 px Display",12 MP + 10 MP + Depth Sensor Triple Rear & 12 MP Front Camera,iOS v14.5,No FM Radio
326,Apple iPad Pro 12.9 2021 Tablet (Wi-Fi + 256GB),"₹1,08,894",71,Wi-Fi,No 3G,"Apple M1, Octa Core Processor","8 GB RAM, 256 GB inbuilt","12.9 inches, 2048 x 2732 px Display",12 MP + 10 MP + Depth Sensor Triple Rear & 12 MP Front Camera,iOS v14.5,No FM Radio
327,Apple iPad Pro 12.9 2021 Tablet,"₹89,999",79,Single Sim,"3G, 4G, 5G, VoLTE, Wi-Fi","Apple M1, Octa Core Processor","8 GB RAM, 128 GB inbuilt","12.9 inches, 2048 x 2732 px Display",12 MP + 10 MP + Depth Sensor Triple Rear & 12 MP Front Camera,iOS v14.5,No FM Radio
328,Apple iPad Pro 11 2021 Tablet (512GB),"₹1,08,490",,Single Sim,"3G, 4G, 5G, VoLTE, Wi-Fi","Apple M1, Octa Core Processor","8 GB RAM, 512 GB inbuilt",7538 mAh Battery with 18W Fast Charging,"11 inches, 1668 x 2388 px Display",12 MP + 10 MP + Depth Sensor Triple Rear & 12 MP Front Camera,iOS v14.5
329,Apple iPad Pro 11 2021 Tablet (Wi-Fi + 512GB),"₹86,894",71,Wi-Fi,No 3G,"Apple M1, Octa Core Processor","8 GB RAM, 512 GB inbuilt",7538 mAh Battery with 18W Fast Charging,"11 inches, 1668 x 2388 px Display",12 MP + 10 MP + Depth Sensor Triple Rear & 12 MP Front Camera,iOS v14.5
330,Apple iPad Pro 11 2021 Tablet (256GB),"₹85,394",79,Single Sim,"3G, 4G, 5G, VoLTE, Wi-Fi","Apple M1, Octa Core Processor","8 GB RAM, 256 GB inbuilt",7538 mAh Battery with 18W Fast Charging,"11 inches, 1668 x 2388 px Display",12 MP + 10 MP + Depth Sensor Triple Rear & 12 MP Front Camera,iOS v14.5
331,Apple iPad Pro 12.9 2021 Tablet (256GB),"₹1,07,994",,Single Sim,"3G, 4G, 5G, VoLTE, Wi-Fi","Apple M1, Octa Core Processor","8 GB RAM, 256 GB inbuilt","12.9 inches, 2048 x 2732 px Display",12 MP + 10 MP + Depth Sensor Triple Rear & 12 MP Front Camera,iOS v14.5,No FM Radio
332,Apple iPad Pro 11 2021 Tablet (Wi-Fi + 1TB),"₹1,29,292",73,Wi-Fi,No 3G,"Apple M1, Octa Core Processor","16 GB RAM, 1 TB inbuilt",7538 mAh Battery with 18W Fast Charging,"11 inches, 1668 x 2388 px Display",12 MP + 10 MP + Depth Sensor Triple Rear & 12 MP Front Camera,iOS v14.5
333,Apple iPad Pro 11 2021 Tablet,"₹81,590",78,Single Sim,"3G, 4G, 5G, VoLTE, Wi-Fi","Apple M1, Octa Core Processor","8 GB RAM, 128 GB inbuilt",7538 mAh Battery with 18W Fast Charging,"11 inches, 1668 x 2388 px Display",12 MP + 10 MP + Depth Sensor Triple Rear & 12 MP Front Camera,iOS v14.5
334,Huawei Matebook E 2019,"₹41,999",78,Single Sim,"3G, 4G, Wi-Fi","Snapdragon 855, Octa Core, 2.84 GHz Processor","8 GB RAM, 256 GB inbuilt","12 inches, 1440 x 2560 px Display",13 MP Rear & 5 MP Front Camera,Windows v10,No FM Radio
335,Microsoft Surface Pro 4 (6th Gen Ci5/ 8GB/ 256GB/ Win10 Pro),"₹96,890",55,Single Sim,Single Core Processor,"8 GB RAM, 256 GB inbuilt","12.3 inches, 2736 x 1824 px Display",No Rear Camera,v10,No FM Radio,
336,Microsoft Surface Pro 4 (6th Gen Ci7/ 8GB/ 256GB/ Win10 Pro),"₹1,19,490",62,Single Sim,Wi-Fi,Single Core Processor,"8 GB RAM, 256 GB inbuilt","12.3 inches, 2736 x 1824 px Display",8 MP Rear & 5 MP Front Camera,Windows 10 v10,No FM Radio
